702709,GSqdhz--yR8 FXvGFvspzyE kL4C4gtlw18 GOUNrHSqmNw
b7V4Z6Hzwo gKipxWBdRBc BfZuidecVwQ cbwNbEFjSX0 6JY_r0jgK8Y H6_ubjILy5I VDWtlWRtSPU Q_SSzk3jqYE dPif3rWzUCw FplFtkFqiEw YU-TYa_J518 I5muVWXq2OQ e6vByupgHFo _OBm3uivF3s 79GlDzNdgfM GuE6SUhFwfY XKfGG-daVL0 e-j6N4Ls-Xk TmxEue3WuPY rEaF6JCss5E n2KIXGrxbdI 15Wg007Xi38 17uSg5XhdOQ dU6YnXghUHg QK6keey3uFc 3fSV6vBEWEc y01vajV8gJY yHrW42brx-E sIW3MPyRC7g RcULHH05G1Y tlRzg87WbY8 0E-W1a8QZgQ SQnYo2uUaM4 xelxhCpP7NQ YRFB1kgPbAM zeEcNSVMIYA EGGtnFwY5Pw x7sdZM_LriU G91SPwPJQos gl_3ga4KCjE Kggzwl1n2Mo QQxe2-o0eYI xzlZXbKevfM YWNUEIDqyl4 JRcM6fLG79g sXY35oc3gb8 a8d3sNAoURA TnnKif4HnYY GhNGcaICUHo G0SewZkZPoE Ht-4kd_YBE4 imzT5uf-gBU jzRdVMrADFE BTT3ujtFU80 gj7VNF2_zWU xxaMhJNGy8c WhlC9vEbfGE 3guBYLY7xlI CO5zHiPpEvA zjflj7k852Y 79wOtrGvAys UWgo0uTLXPg hCN5OxziT8c GCLLHnAzPcc 5vvm8SoXMTY qfjYzeOx1mU u0uOX9EIIDE QD2yLDZgL0E z4cE0rmC3rs kTD5M1d2flo aPtsq_paNHQ aBFG7DSQ4JU 0fsKvIH_kBk bztLgEQ7YA8 M4N44Q7XI54 FrtF1ncNjdM 7l-wL6H7ekg 0ebxTk5MRhs PWs5egwo26s v0HjFkAkwW8 RSi68s8MH1Y sE4nhzkvzZ8 OqNksTc3Veg PfGM0oBRuOM PCqdVsPDdHo ZUCZQbZDbYc 8GjohOCq5sY ODGoKCLCiuA alkcOyxv_7o Lf_7dsVSxyc S-A-GTnBCC0 SyGjCxviy9A T4B0LRaRNWk u-EC9Ml_4qI QCYFdCKS_Sw ijqia9xNjks fDTefC1fqUI P8qBnQVOJHU 4BxaWC24SyI 8tFWlsCRqZc 4v6RlY9giiA mUrmRGxj6Po zrGJwiNeig0 lNZjYU-sslA 6YMwK7MqSdk ZuWQmB4IVDA MZMZ3QymLXc XNvvcqwu8ZM 4sl9KOqV1Gs aiXqwcbHcvU piq0POEjRD8 Ly3Gyq-5XGo jm81vj0LmG8 EFRBs4mH1P0 2KiUNzaFSQo TiTgvd5T1q8 hkVQtvml2TU 2g9dpNDJUe0 XI3akg3MN3U 4bL9TnpjOQ4 6CVbWztQnWw 9GdUAN1rmCw o_FkNqzi8N8 sIwk1dvYjwM yiegbs6iZlY kWU9xZgFyh8 wWHau-ICGow RC_NhdUH8b4 fVTLg2jIfXs VYUca63SkCI eFIUhVR6epk MmOZOZQHiqo MZIKWUMyWLw yItVTWunrx8 8zQB4_iEMBQ zvxIHcqk7aE 4wbXPX153HI Dd6yMb3pb6c ZmKReKU1G0Y 4l5Yus8Z8lM OmmhJ73PWEc 4Um97WCmFR8 Y6Glwzl_4Fc VZAq7EcemRg 9ber9WEp250 3UF4o_rloz4 YtK65aiPurc sDGIR8Fefwg iSJKXmlsBLc MZErwbXxevk vVkmqNks89I DYCs_KUvjQA Re6isZ7YQJ0 WFZGv9X01JE QFI9FHBg5tQ 9O3laGASQcY 5Bge9FYO9gM GuERDcTok94 L45fHRSdJjw qzgzlJLPTSg RVLBisCWJII lE8AjwSR7nI ssFulYmvDlA i71MVBEe_To qDLHxXXc_H8 -aI25RaaSU4 qpeQlcEPcEg DjodwFCeT84 8ywHSZq6rUU nD3Hgm5oGgU ffX5vwZwn0M 4ld0O51uJOg UYvSZ7cJpMs GIl59IOgomQ w-p_-NAfg7E Z7XS-l6g0do 4U250pmjWCg E08AL4WmO8E 76wz_qEeAD8 0BRJCw0Om2o FyBZ-IhZwfA WD6VuY6-UY0 NwE1lFZQOD0 QRMSzRk9jdE Z0PIWLnKCVk PfJOkQFNZOk 6bcPK77gCgI kYYMKeyVd-k biDrVrGFp1s zKyS26s8EKE 4qu6XKIiT3E vd1FvPWftWY zgP1ahJifu8 8gAPhy_jcW8 2rdOx8qfRv8 L8JHnXioVKY HpNQv_PcTYs ceRqflkPN70 -lfaNcentIA kQ7NiLIoff4 njjMdWA-WmQ 0Nib7M6PP5o iPjHuFKdVl0 XyMVBibpnFA PXBcfnQuhbU cBwfbB-GoS4 laERMnA3fM8 bdv4_NkLQ7s mvLALngjqU8 BZUl7U3e_IA GBoSm6RXefw -S_DgS9McGQ cKKsONTGUd4 EA1kkrI0k94 yDyUIac6duA 1EH1e1fyMfk 3SlyZ6Cj53k FGPaIx1CKus zi_fQYyNxV0 ZKEd-hINB4Y 51vrdXDgei8 V1e-5gZsx-8 2aYWDnRjCVU l_XsHpbZ_Bg G5RN-SLPR9U wwbUU-7H41g YwYj6eHEPqw ctDkrgTRE0E X6Sz-nIiqJg xDPHATXNwnI _9n4aYJssDE 4FCHsWT-zuA cchUkpxyWYE FI9J6uVeAVo 6RzhlR6DHp8 VOhYjN2SQeg XavZQOVjIS0 q7tjkJjQJmw uT2mMwxQ4aM zKhoJltGO2A Ko2w6W0nZ2U HxRXzCp3zWs wff0aTLYTlA GQM0XnjjSlc aEBXdyif_U0 exmZyeY7LBo V61aXU9Hsjc XsVzEhMczC4 6Ys9rTNZo5E UFrnh66nMc8 HaxXRrJeDLI f8bTwfe_FAY VZFUenlPSkM e-rH31aoNS0 L5qz-XBzYMg u7Tl9fqn9Mg EOhzXW87o4E WmvZvgPzxxc F5xpTB9COOE rCLjBVqXvFk JZWkOqj2NzQ aekYz2oS7Cs 4LW8tuuZ6Fo ePIZh2PvPGw UyHFmkzsKxk yQl4nUaMraw zPo6_saRZ0g 4hQyTOo-Gd8 0yUmuMeV-gE _mTsWSfQB58 MrqW5crcWko krxp7lMZ844 RzY3GXCRIs0 rGiUnZta3rw AMiOYmo8WxQ 0QCixbU_P8c xHwaLGIRICo SSCF_VeF82Y bOPV-3JWA0Y hvguRSFbCps ODDcoxLaIV0 UdL2lZxqMWE XpMIzjzXM_s Y71sxSoqDoQ qi1gdFd-IyE WrpFvdWAF_w hQryXFpHEVo UE3rdqABI0g wca7sVPKq-4 UAquOmbP5lg iXUzpHg0Pj8 be77usOTAr4 EvlZgyJdcfQ 8uv5wVaf-8w AGMjFF0zp2U 0g8VcpwHhkQ kxT6MuQdG8I GQLDPC4Alvc Pi7QZMoxTvg Hd-RFoBF9Q4 LBe_zZfS77o ePjoh-593g0 Vet5caD5OwM 6uLeHKmb-xs bimR0S5L8sY MevIanmZhck YN0PG91RbSc Tf3XFFEfX6c y0yVewGouXM tnWzbuHzlEQ UKJC8rGtYVE wxS3WYZ_mnk 9JAZG0EHD4g exDqIsjnz_E 4R-tuWbggqA qJOyHTlwG24 MnfzWNRM9So iMiBxY6r2Go _Y7gkwKqiSU nYqZK8c8ZeU C5HMCo63npo dfN32VMhnZ4 99LBbagpmro 3xtx8yzYbLg dNysKJZ47NQ aWRRiCGlW-k 6VjO0iSvaKY Gct08hqBM40 kIQmWyceUZc JZZqPHvroIA 3UddFKXwDug Vq30dQaE5rA xKpECAW4FPs i9wPwNNqRA0 eqFTNJ07hbU JHzipUsQS0g BSJr20qXsxo zlIz01bTqlw 1SJEuGGDQ54 kt7fXzTeENM lGu9xsumAso u4hG7Kn1kkg 9uBNR-fHAXw d6tRXuZ8HB0 DrLi2XUrNe8 UYl7RXrRTvY px-o_LyhrH4 ZM1_jbNAKWY 4MFv8ih0OVU McZoFdEeElg TRRTbkt6iFw r0njl-h-IGg 8i9T9J9COrA jaeP0X49aRI UNkjh2awriY quC0btTiPWE YTtAYgL6yYU bG8NsRHCaL4 cyXABjClreE cPrW0dOTFh0 a0smuXYKML8 OvbE8Nst83k MUj6JSQ65GY uaJGJtZLeBE WZt7nMhwaNM ACHOcUdGA8E 5XQGKF9gARU H4Y11mO_j0E DzCgFr-GLLs LvVmIAI70jI Ny08fahzAY8 HijBzVqQohI 8lSsVZcejuQ gRPq4wv73M0 XyijbsTiMTM hfrwf0jzL18 3eUdutyBlZM c4oof902inA mf0DZF1LqKg JnbPCQV042Q ftqljh_zOyc mwnME2RGxew GBohxD86IvI xi97iWflIH4 imW3yQLHUgc qXR6T5aFKkA agKs4AqKbCw uleWQauvPac 2tT0XUWf3ZQ CYRxUjT67gI HbwwxO4uohA 9ssUNi-H0VY Nazo71ZCINE py_pi1XsPWU E6ykRXRbk_k -sB7fKwHvto nT3bLz2u7dU qHMoLhTnlqQ Y5YPIrgifBo uOUnrJkrTAc Ds1yjWYmb60 A8h6dUGAEoQ jjdwCSdrZTA td5BvJobP-w 29SNzW6makM LgNXtXzZj2k meyNev99S9w tlyJj8wGAI8 57PxmFvm-H8 dmR7Mo4b3g0 0TaM4_5y9o8 BPBIsGy7IiU wbIu-5woF_E OaNhbbH3X7A y68dqHlynWo IJm2J5DRz_s 85fEBhDbvCE lO2KhUU-jMo BnhkKuDUuTg zhYg39xxj1g pvW8mA_40Tg xRuCeWZca4I rAeN1O-IRaA d42iiSM8dbY _ZPBdyYR0mM uoXw7W5M5Hs xiIRi4NBvhk x8eqRQC0RTg edPPEkw9fig c3Ww_QNuU8k EmZrGE8J9P4 1zphVuPvJ3E a0WW0cdqsw0 1sHV68WyZzY _mjOQA0pwO0 h46zFlJswX8 04ODEwefETc ZexwplVCNxY SlNJdgyi6UQ TIHZyzhOHXo 3WHuN2ydrCM B54ZzlcYhVY ZcKSNDYHvwo TwETvsYw-Ig okCglaUuNyM X1rF7nbtskY Uuo5dYGik_M oJ3I6gROEYs n6-q6jEaj4g 9WYcmJz3y1w 0L_4iR_ze08 ZubVn-QW324 C7-mnsfhHvY j-Jfew52DKc tZ0WKSjRW5U V7xfJlC2qDg JMb5PhMKwpw 8t9yb3r4xXM Cl7shIv7Jds k2xkLhETap0 bTbb_SWXpgA 2Hh1eCNROW0 R0jY34UAnJ8 XCAbiEUYq1Y _POlU2YRjKM gOLxxB4Wdfk SdhZQTqnLxM CJFQ4s1bfTY ARKdpjrIHs8 zTtp8O93s_M Zc29czKcjig H1dWYpk9NQA An6Z961sNOQ Url0ZCd65Ps bWRmwpmuhaE olLUhLaxhzc 0U-VvJjJXCE Ckl3PUGBZwg 5wPyUKDVLD0 PkxKvA3VnY0 LbQueeXA_dA zQKB1IrZJ0E UptzwmEq6ao WEthkb4AjBE 9qYGnn7AGnI RzbrDwFWeXQ mpEeQ2Yo1ss N1Y58vSSwZo ne-sjlST1Qk 70rueE3uA2M 3tjqwMkp6mo dzQPKRbvlkw NwTne3FsK-c L8WkpA8VRDQ DCMTR3ptLvg ZyLj_Rum-6E MnI2a_J-vaM y_CiqGsmWFw HBdMztQIFQM I22KbWfUNAE XdUlPIF8_oo 34hhndRfoSw 2RI61UXTrD4 EBmd_UH5Onc c0KkmKF1Vrw -zhFkr-xQd4 6bc7kOsRehc s5Vprpv-3uw H6Z1zUSWhLI fwJ9xYIZBK4 XBhIKZSZeMU tKfKrKW6ess 4z2rpB9Aee0 yp9acGr3cms BmNVVr70CTg uFCjOSKju4w b3mFR-3iDIk 01ID66VTFTY YvMDBWTyrVw MBNIOJIWGYw H4tqpUp9jdQ XJIONHuCpGw RK-mdBl1e-4 jy9hqRpyM6A XIUZuxVsrXE ptvfkzBCS3w SkfWXjb63Pw Ql5Bdh8mhK4 ZtrD_0hSl-A rPU_6q5zS5Y LpncQDOVI2M RaBfnx-Vbdk lV3RucFYOkw QVo8Q7wm58E oTrO2CpEJX0 6Ztk0DVxzQA aL2qssTApIE 0M5ayTNC3R4 B7GhtcrUaCI Q9iqtSwXJ_0 dM7IzsegWMA eDYpFqNXQFQ YWuCT78XGfM gyzHbZYMwfE rvQUPv1tzRM yJhYVSf39eg iSJC9B2GBi8 oB5DOKkrxX4 WwAn1lvCphk WCqK1_X6NF8 FmDOp8JcbV4 lO5O1I4udgY 48EKzQmVrpE JyeMJ-gk68o dRtmyyfTruY Ttr9sFExWIg MGh6QvmBp0U u1sYkVgsBtA kOUE5QcuOlI y9uNeEHe9yw MHlpN9lru-Y DgmDw9_pdzc lR6ohH0LJh8 F5mV-BTsZS0 PNqb-IAFF-A 3AXXWO6FwK8 _5qz2TcatWg yhb_IPIye1k AEE3r4KCXp8 ZhqQd-pPyPA t4niYwFXXRg sEmUy_cjYDQ Zpu9ObbFQNA b1OW_Yh_Ynw IkCTlRtjPnY bQX6nyFE1M0 nqKHrRUYBno gz2UqdQ52XM -Lmoy40r67Y YZ4pi5YWMOQ tahn8UBarlU dMD8utns9Sk xZCZ4MpodnQ 3ENkg3XMU2g pp7YbfkbeXE j04kwfUwv0Y 3et6jVOZlH4 ES7OF9iRAGs 5BgefLTb1OY UgAVwPwj_Gg YsqvFORNKaI TEIkcf_ubiE P96BzYb3rIE l-8j_MdehXo xXe2rwuCPQg Ms9qMCuqXRI p72Gam9frIg FauEva2zi2k 7QU-4Nn-Ss4 lIBUEFEqDCM uULj6gwn5JA xL5A79Umixo Acvb6er4-y0 eWLDSY_LDTA I38LgX0uwtU aioBcp_Rd18 4ZPJ6o5UewM NriTsY0ZXR8 H-Rh9xTN53s GMEJ-CzwwTY BMI-j6xYq6g ky42cGkS2u4 LboU_nJSegQ 08454aSZZkQ OotM98M3ABs WB84w0vgRzo b2VLNViessM iYRRuDRJIHE T7_FTvd4vsY bVl7nKQM2w8 Jgjt6fVYFak _9yVHr-XD0c rdM3E6lB07A pJftuclZ2OY CijSbeZO03g SGG4qbD2uNQ gvSa8yaVuSo 9wVTt3-gxHk aF8si-BwoK8 bOdwDvtHHAU t3v_bGM2sgI NXgPSnoVg08 HTBq0LgV8uw oPsNQ8MPhOI vEke1x9n-rA kfURGQvZzqA 57Xj4YDvjG4 eVhR42w6-eE Tm7kebXW7R0 Y_1emKKIOIo c2GQE2a828k DMSjIkLImHo sDiw1zCwuKo RnmERxuVKOc BbRdYQKltQY Mb07Miy8bHE 2oKZ557BpO0 _WKxwzqTAIc I1fzBZy138k qYmFgLZllEQ 7zwd4bAtTHY 5BCiTlEoGO0 RjFqZiPxX80 pqjyPxHYjuk o0_zglDC5AU -pVIsjBv_sE V4ydei5kT-s 54hcC40vrqA YcA8RUW5wJs QeCAqN9y8to HBmrl5fkCDg CM_LlNQuHNc cNTTRusEx88 PegOQJtM7sg 52oMotSSHE0 PBmAJ-CR0aA l1GAUalSho0 AVq5Yc7czJo zvAd7JrODBc cz7tnFEko1U YpX2ch4ch4k pwcKe6Lcsss ut42fDRIfpw fLgsdvEqULA w3zsUMARvHk WtbMNAYxVQU JRm_kzrraFU s5_HMf1YAeQ 8DuEaVrQWd4 aDruTn4Ont8 1yqMviehJ14 mmFabng0Rrs 90RmoWcxzl4 wad1uP191Ns BjqsiitpX-4 a4yhkNCRyZw QfoDjFoRRLM 5OsiSDvTBls YArgLCzf_ik amwDGxkXrQ8 AIKLRyi_9Ks 0H9H7H8ao-Q plfhBG9fqe4 f3-Tom0TACQ weqxVB5VtY4 OB_ZoNGx9ik _an-Xo4ECQg E19pYv1z5O4 yaldR2v7mi8 2eHW50OaKZQ 2ZfsfEchkCE v_nrLIjhLV8 AkHh5HRHAoU 92Z9ySrFOXY nGO0seOdews pvKWDkxgcTw LL6YUMzO1ds pX_aBhPSGlU H5B-X2aw828 IXNX82mmIHw DhDFOJ7zfys IfQkmX2YAec sBIZYmanMQU ESe8O6cclVk 3Ctk7UHeUp8 r05sHjYkXIc ksULTSKgOEU wlo1EPM5XfM 7tx77j2ORZY n-8VDBZJ6AY B85CTtk0HFQ T8U_hJRmRG4 K_UjiSEz5IY jq4lftvfLwE G05ZFHIcmdI kHGiIy7mjCc FqoIGZH4HP8 EiP2IQ3djwA -jjkTbKM5PI WFh9wLRleEw fn9iQxUAGBI nP3aDmnQRMo iq1AKRtMWaU V4HM1fsq9ps Pyh-d-c8k80 IAMyv2jVD6k pIO4tSxV9uA qMVWqTJVH-4 mJHUCpB1Q40 RVaKWy7K3A4 d4haLYvydvo wwNwS0A8cPM FIq43IqT_bk 0kRBvdYhkR4 XAaiTzkwuMI G0mYxJBIQng pP-dZma6RT4 ao76zQuZqds gWxOP8hCO2k uwe0QRK7vmA Q_NeyZj9_0A t7EQ-zn7Agc wjkBDsLlx2Q TA-KV2vHBZ0 UXr3gCUhKPo WiqGTuphwhA SJ30VO-QlBo v-05SqzSt2c vg2iNiB7H7o 4jwmA_rz7C4 JcJwywyZHto 9gfmM6B8cVY QIJETeVKaNM FVE2rwOLxpk kOsy_nGtDjA 15Y0uK5ClRE iULz8W8FhUo FLd34RUXxg0 X_fgnpRm0MU AbCHw5HknXc a-aB9Cz3ug0 1jGJyC2F1qU ebsFujBLGqE uMb8zlo5QjY 88WbwsZXnlw TSMcRIkJS0A vSwP7mJvfeY K1AHZ08VC_A jZc_mtwag3c 6q6LdhH_UXs tXnZLDMmUFg _pkDYm0Mytg wHMvy_cLjKI T1i3GqmygMA HqK61PUYg8A
403270,2iqRF6mWj-A 42lNiOVFrhc 2Oag2IpeUjc 7Csem3LocpQ GxiDNGKZZno oWj3WFJ-iks etFCEMiH15E neIavVBy3tg FAsADp4qq64 a3h2NxNolRQ 5ouIx2NQwWI Is2iQljHC7U 3NfyWGo0S5c AXQyaxK6OTg xne-3AiDoj0 6sOmlboBdPM 4HL-aZMBbfE rA-Qgupmrr4 YXv7yWZuSFg av9cPojcz2Y ceguusJeeuQ sQsPn3sfSh4 QgwuM86lbnE LJUre0d-ITw 7O_JJh_brW0 pnn3AKs-MY4 Dd4XTuBkCVA CnBAZkErz3E gMD8vbP6Cnc GjLmhAKBTXo 9nPTDYqGcdE 5iwlctFVYkQ 1kUjqSKingc ByJb2UBkqnk LNsNu9wcELw xR0BqBdc9t8 5j9x6_WONYU GA_h27CzAHA Jr-s2SMcZoA suKnG75HjMs 6v5Sz5HnnIA AzVD-v94J4E qOGBSH82JyM _wphthWfaO8 JkckqZL6tBQ 9jCaz4LO73E MivsDWjle1w Z_wNddut9oY uRBm6Q8BeIM 95N-SenXtoM bZ913S0zxOA l2bAAeBntPU smw4gEjyaDc UYT0KIETFRA yE-XPxI8Jw4 P7ayD1o8QA0 _secdaYS0C8 rrwwWVRI_IU 64Y5ofEko9o e5HW_dqyRfM qwXobdebAGQ RtHbK-TxpO4 dfbBLRPhe9Y gxgRtvMrdpg G6Lz26ucdDc voArdRLAbWs oLJeygXpl9U RKAmxT_C1PQ Zd1igxKJsWs UzYjEEB8Xyk zh56SVaCGfM AFvZGKhW0IQ JUMVHJtrxXs UQt7GT-9jJY SeRiMnZfXXU Hq8t2WbWs6Y kz_dD2aOlL4 b13uRiAGxKU xt6DhJUUfpw NRTxAAZVpCE Ho8dzZIwad4 Y4oNvtvr36M czLPB1WvAJ4 8hhp4lEiTlU IFqjw7fPgGo 3v-CARIgmeA aP_giWsoYi4 99ceCCf2oH8 b-ZmMZp9kP8 8Wj0jm_8n24 whb1q5RXYfc SdDXUD1XPOc 88hQcHx-Olw 0KlJW1hqyI8 VlZ7VEe9zyQ OLFa-QvlQDc IGkEs2jHkmQ q0UvIxocuis zPjeKjF0kNA 6K8WDcqwDsw pVZy8jWm9SI v4iwdfbSDe0 A2o12XYC2So 3XljGAqiwhs -AKUr5uoh4E sXboL5oeZvo MQomVOT92mQ bPPWcbhXEq0 tIvZe4dvCE8 mCAQrrHd2lI xJbh5txI158 GHBha0ajmuI -1wSir0tJdI cQlzBnnGguQ tSg_KWTYSwg j0CAp4iAj6Y f-vo9wWlQ5Y 7mgdrybBEMg Hk7Z05d_UDA assDY6NcsQA xK_UuFv7_T4 jdfbskzVMH0 XroMvqJZwB0 62jNCVhgBaQ 5faoh9Iyh6I VOQmdjRgzDo a5eiHqY3cr4 VAX2TkSbT9Y B4tDanLyxzo YcC9JSHEDNc NIEcpGo3Qk4 xVvZcge6Gmo qU--dSrau_k 40xunoUl0xU Cc3tMomrNIE bkdY-peKMXo RMQrBuNvwsw GXacJNLiL7I YO0YGBdKi-k aKEE5TDikLc uoqq4dX3j6M g0sAux9bs_4 csaqzyHbAM4 7qdWntukGfM 4mGbS5YuIwU LaIt4KP47pM HxTY0BXwTt0 ZzZt6OYjVts XShuvLqhyeY FB8JnUGK4UQ FWi6F-PBals OWKzuNwzUn0 qHH0_lgygmY d_bYc0dAO6E MsFWeC-DeLo hAuo5O45GD4 _2iz4GN3bEw U330T72kXVo QDQlI5tGEiI -LTY05GMwaU 34HGcIpuV58 jUJhkadliCU APwAiHlBnKQ sNxMGzadEOw cb7DY5Cbp3U t5SvNGGLtq4 lYKsU-vSH2E KGPKqLXm7AM JihMCAozIX4 DbbSQtqjEDM 5I7MjzpulRY aeYFAFJu7SE GyjWMIsYAu4 YC_ZCoQ_Pz4 QnR5WiA2eqg pwzr64iwNho ypJZNeUoo1o mmx1Etnzebo fdVvCj6MqYQ PSUqbEcn6o4 EMG7e8WxdDY gHYbaoG7qcU eNm5tQ66HnI jwjcb2pn8yU uWcekIoSLoc 5pDKlPhoRY8 n5vHJLIGDmI dcEcnv179jc rkK7JAoYBT4 vIWWl0-TwJg 4awhRmjEyW4 txGM6MnLSkI 02doLbrW1bQ D0zcFkC0bWM kC6mDtpB3t4 SWu9svAMtV4 mUbWK3fwFsA 7P7vOdiX90I 9eExN7W7Gv8 FsSFsZsCHG0 W4i2VoSEbFQ Ufo1JZRfGJ0 Xh5eXBTpuH4 jJejqWamGD0 u6CePmLLeWM N9AIwy7LOJU 1F38H4i436Q RJ64zlGMhX4 V4o5Mxha70s Pa2-f-n0tQY D9XZ8rU-WQw gabY-kiUaI0 Gqho__SSMho aQQ7two1srA 3udyV9uuLuc 7lH8I0BAOzA p9FgOXqupVc 2P1TA4g93AA z0NJiYF4Ihw 5FaGbW1L-kE N3EtPlyTIdU Cm64ZpZ7bn0 AIXTmV--8Ds g7rGey7Rxok lN8CSXQHApc ZNtcgs9l8Mw Yq47Up6lrI0 Xk5bH77AZBU 4Y6L3MWIo3A nZHf05gCY74 yHcOzvkyEjk ECSTB0LmH1s NdGtXuRGfHc _JGBZhLUnsE fhZDFnd1dHk DZk5qVH-3U4 v3vohBUXXFI T4ijVexEXU4 s7ktPhx4wYw vwrNTqDhyNg y5SQC7RtTgU RQYJ9iUhtJk o3aNC3vEo_4 clMbcSIPVAQ AyX69Rb_sDw uy20fJDRGg4 kgSiPyhUpHA DtegEnPoJK8 WZQoxorKd68 k4u67mCypLY E_eSLbX8kRQ IHOKhbfdp-Y hcFQzJbANe4 vTxfx4HOV3Y H9QRSB7aI80 _IYDB1_t4Q0 xjmR8xMW41U 5pWFk4hykZw mf4xWDFxCtM NLX1XFFPZEI VfQe1OOAR9k MELE_HKRNws ferwAQm6gkw _Ps28E3clog k1GrYB4Mp1I sdMt9ucCJ10 ZKLLTj2-aL8 K9dxdTupk0E 8AoJoh2eQ5w KapIx3ZuvmI oZgH7ZUA6vg ghM4ZijfwAY fSX5ajlKBT4 PClhHKNPIVs z5alun-9ZeQ IM_UiQfFeko -5fgpXIuvSo _xBSyI6f8sY ua2W-WpkFhA 4OGt9IzUT4M u7LMd5CWVRs zHu6ZqZJz7g MBPakBwZSFA A4KM6YdTJr8 R74_NDu7TnA Yq7y1F8_7pA FbqJ9rRJ0vg K5yYwIAY1so g8vjIwR89os jhSXC3HQl-M F5uFCDHw7Pc mDlmhs-vSkw ywsKWKXYZyM giC4xbBZOtU mDqa64N_dXw udgRbieKxGg iFawpuThCYA QO1fmsvndm8 zlAKViVwaqk kUTW2GZilD0 7DXR1WhAick zzt6kah1-E8 eK28-f_ZEt0 zxQMbP5rjT8 lZcarpZnwT0 VieapMQO4iY hBDSLGGeahg YGU-ePqSt-w 4EcdAUoK9w0 NdNP-934MBg cCQQTObZhi8 rWegwi_uQOY Br_Dcb-OuR8 6WvgvVYMfpM Zdrvj-aQVs0 uxC_76sUIf8 6F1aErmecdA teZPIpsm6-o SdQe9tbq2Rs 6xWbxCgK3Q8 VrpCL6rn0qI 14M_NwbSTeY d-nz-fzMAFg kj9LbtLiMng 8-iMymP6Tds -IOHN46ZQ8Q 9c6syqWYxkg YS5CvRSvGk0 rLP2hhHfOuc viO2V-BceCc CC5Ei7VUkBk 8lfD08F6Saw ueHLID2L2bI e-I0Co00OPk 76toQV3nCzQ 79Sd0W0eatw O2XpPnqXghA eSoBuYMawrA 7O1rE4lAoLc 5Lc-agdPklA 5TW7zxq69ZQ -j71cJYaqvs I6xcp06IRrA H-fQyQKHfzk rpKpLCGKxtg Cb5raM28Ews CqDJ0BpSlIA Uw0DOOfRwhQ ZaPSakh2Bhg 9l8TOyTn8eA mjld_4vXSls 34f35420QF4 2titm9Xutp4 wHV5p_x_e98 9o-Yf4favwg qFsii4BD0xE WaeDYTJnVDg Xq4lIU2IPD0 i8piyS-GAHc _6Nj58CBC_w HPzvwfkJMlw snLy_y3XhSk jFVMbkRJI9g x1_YZC2aExA S4_83ns7uJc zyvVjsHlz24 DrVy7Wcc6h0 dS8wlaw_Bx8 VJWOlKqDzIo jeVY5uIvF44 4O9ccHWihYA VBXrv4eNxKo Cq-GFbzwo6o Dmz9jGg7_0M gZExLt1_6Kg nYuiyi_yKSE -SNXZuKZRY8 CEtNBOqIdJI 3IcVEv4Xqqw RUFbHM8PUpU S2qLgSXSk1w tGi85VAUYVU uqFJ-kAW7h4 qxGooHTDEo8 p8EWi8vxNNs G8lxfL45VoU iAmKxKSwi6g xDCt3TtulY4 VqgOZ8oBSXg Ke-hpfrBkSo Q4blWSpMjww V94R0snHHfU OwejcoZfL0s 3udo32G3aVU hD4Rvl6RS30 vLxN_y-ZR9A PMEQHun0hd8 jzvHaD5BZiQ waD8zzDYxWY sizD9o7GZ0g S6T9kkQhMLs a6Pi0alweII 4cAAu_lb25Y wcyTdC6VDIQ D7pokm49plA M1u5BlMXrOA 0nG1WFgtkJA t79utTVqMeo 4Ku-GwRU9K4 g4hJg0UGJJM 0N-U84enlNU IaEJvtriFns GJtJDuHhR70 IrFTc6TZyv8 F18KdYAzEdw WMxYUa1N1UA kWaOX2aC9_A WsfDDw2kVg0 p9anZS2GJ7s zMvC5Qcb3TQ kpiGkR3ixW8 pHwYPXXURpM GeTN__rHh0w d_RonKYrfkk gR3hqOOA3jU ETRy9_TCIl4 AgqXlY7gptA hN_Z2d89M5A 8DcHNYj0XV8 ksvYUOR-Gls c4B5Qs09qZc 5PPoW3X8UCc ch13QCRm6PQ MzHLAqyO7PQ a2lLKIPpe-w VubRDVdPKyU 6T0usLq1OyY vPW4jVfCLEY UkqUpPxGrMI JoZwhU4y6kA dhrTG638xKQ jO6e8tnhe6A Gmdx1j8Mlgg fcbHQ-7c-Cg dO4lRCGCR2Q T9v92faPohg JS3hc5d1Z6I bHzkhoqj718 MWCF6c3qOWM 4Si4OoLZgDw wwXlJDfkDKU HhG8BqbSKWg 8l69ushpmnY RuB4vJgDhuc ijunZv4OlBQ Cvz9w6NWJAA LbtwwZP4Yfs 6PJWmgpz16k YaIpaGSESO0 i-ChzhgFaro qczRzcqxoIo wuv14oWsUog bgc-6zZj034 1rA3FCmBnPM SlCsJ5WlhwM iydICiwAuVw HPRr0D1qywo 4e9KYsnH4ck GSUoyFC-8qE rkt1jt3TGn4
632123,GpfLHrtdcS4 YjRjtxFV8qQ m-VMYWtS7vY ZlW2qzU2gHY GxiDNGKZZno TLHnQeENkqA FAsADp4qq64 SGGDfg0RN6I 2J4vv3ylpM8 av9cPojcz2Y ceguusJeeuQ GjLmhAKBTXo jkEOB-owGWI mdSgIQ9lohg ByJb2UBkqnk xR0BqBdc9t8 Jr-s2SMcZoA 6v5Sz5HnnIA lP2S4P-N_qo otMhGqEekaw Vxz584RYkA0 AzVD-v94J4E _WjOs2MRwoU _wphthWfaO8 JkckqZL6tBQ 9jCaz4LO73E MivsDWjle1w Z_wNddut9oY uRBm6Q8BeIM 95N-SenXtoM bZ913S0zxOA l2bAAeBntPU smw4gEjyaDc UYT0KIETFRA yE-XPxI8Jw4 P7ayD1o8QA0 _secdaYS0C8 64Y5ofEko9o e5HW_dqyRfM qwXobdebAGQ RtHbK-TxpO4 dfbBLRPhe9Y gxgRtvMrdpg G6Lz26ucdDc a_1_geL8R5s oLJeygXpl9U RKAmxT_C1PQ UzYjEEB8Xyk zh56SVaCGfM AFvZGKhW0IQ JUMVHJtrxXs UQt7GT-9jJY SeRiMnZfXXU Hq8t2WbWs6Y kz_dD2aOlL4 xt6DhJUUfpw NRTxAAZVpCE Ho8dzZIwad4 Y4oNvtvr36M czLPB1WvAJ4 8hhp4lEiTlU IFqjw7fPgGo 3v-CARIgmeA aP_giWsoYi4 99ceCCf2oH8 b-ZmMZp9kP8 8Wj0jm_8n24 whb1q5RXYfc SdDXUD1XPOc 88hQcHx-Olw 0KlJW1hqyI8 VlZ7VEe9zyQ OLFa-QvlQDc IGkEs2jHkmQ q0UvIxocuis zPjeKjF0kNA 6K8WDcqwDsw 7DXR1WhAick zzt6kah1-E8 eK28-f_ZEt0 zxQMbP5rjT8 lZcarpZnwT0 VieapMQO4iY hBDSLGGeahg YGU-ePqSt-w 4EcdAUoK9w0 NdNP-934MBg cCQQTObZhi8 6WvgvVYMfpM Zdrvj-aQVs0 6F1aErmecdA teZPIpsm6-o SdQe9tbq2Rs 6xWbxCgK3Q8 VrpCL6rn0qI 14M_NwbSTeY d-nz-fzMAFg kj9LbtLiMng 8-iMymP6Tds -IOHN46ZQ8Q 9c6syqWYxkg YS5CvRSvGk0 rLP2hhHfOuc viO2V-BceCc CC5Ei7VUkBk 8lfD08F6Saw ueHLID2L2bI e-I0Co00OPk 76toQV3nCzQ 79Sd0W0eatw O2XpPnqXghA eSoBuYMawrA 7O1rE4lAoLc 5Lc-agdPklA 5TW7zxq69ZQ -j71cJYaqvs I6xcp06IRrA H-fQyQKHfzk rpKpLCGKxtg Cb5raM28Ews CqDJ0BpSlIA Uw0DOOfRwhQ ZaPSakh2Bhg 9l8TOyTn8eA 34f35420QF4 2titm9Xutp4 wHV5p_x_e98 9o-Yf4favwg qFsii4BD0xE WaeDYTJnVDg Xq4lIU2IPD0 i8piyS-GAHc _6Nj58CBC_w HPzvwfkJMlw snLy_y3XhSk PYq5ZqCsslg jFVMbkRJI9g x1_YZC2aExA S4_83ns7uJc zyvVjsHlz24 DrVy7Wcc6h0 dS8wlaw_Bx8 VJWOlKqDzIo jeVY5uIvF44 VBXrv4eNxKo Cq-GFbzwo6o Dmz9jGg7_0M gZExLt1_6Kg nYuiyi_yKSE -SNXZuKZRY8 CEtNBOqIdJI 3IcVEv4Xqqw RUFbHM8PUpU S2qLgSXSk1w tGi85VAUYVU uqFJ-kAW7h4 qxGooHTDEo8 p8EWi8vxNNs G8lxfL45VoU iAmKxKSwi6g VqgOZ8oBSXg Ke-hpfrBkSo xxm8QXSGFv4 Q4blWSpMjww V94R0snHHfU OwejcoZfL0s 3udo32G3aVU hD4Rvl6RS30 vLxN_y-ZR9A PMEQHun0hd8 jzvHaD5BZiQ waD8zzDYxWY sizD9o7GZ0g pVZy8jWm9SI v4iwdfbSDe0 A2o12XYC2So 3XljGAqiwhs -AKUr5uoh4E sXboL5oeZvo MQomVOT92mQ bPPWcbhXEq0 tIvZe4dvCE8 mCAQrrHd2lI xJbh5txI158 GHBha0ajmuI -1wSir0tJdI cQlzBnnGguQ tSg_KWTYSwg f-vo9wWlQ5Y 7mgdrybBEMg Hk7Z05d_UDA assDY6NcsQA xK_UuFv7_T4 jdfbskzVMH0 XroMvqJZwB0 62jNCVhgBaQ 5faoh9Iyh6I a5eiHqY3cr4 VAX2TkSbT9Y B4tDanLyxzo YcC9JSHEDNc NIEcpGo3Qk4 xVvZcge6Gmo qU--dSrau_k 40xunoUl0xU Cc3tMomrNIE bkdY-peKMXo RMQrBuNvwsw GXacJNLiL7I YO0YGBdKi-k aKEE5TDikLc uoqq4dX3j6M g0sAux9bs_4 csaqzyHbAM4 7qdWntukGfM 4mGbS5YuIwU LaIt4KP47pM HxTY0BXwTt0 ZzZt6OYjVts XShuvLqhyeY FB8JnUGK4UQ FWi6F-PBals OWKzuNwzUn0 qHH0_lgygmY d_bYc0dAO6E hAuo5O45GD4 _2iz4GN3bEw U330T72kXVo QDQlI5tGEiI -LTY05GMwaU 34HGcIpuV58 jUJhkadliCU APwAiHlBnKQ sNxMGzadEOw cb7DY5Cbp3U lYKsU-vSH2E KGPKqLXm7AM JihMCAozIX4 DbbSQtqjEDM 5I7MjzpulRY aeYFAFJu7SE GyjWMIsYAu4 YC_ZCoQ_Pz4 QnR5WiA2eqg pwzr64iwNho ypJZNeUoo1o mmx1Etnzebo fdVvCj6MqYQ PSUqbEcn6o4 EMG7e8WxdDY gHYbaoG7qcU eNm5tQ66HnI jwjcb2pn8yU uWcekIoSLoc 5pDKlPhoRY8 n5vHJLIGDmI dcEcnv179jc rkK7JAoYBT4 vIWWl0-TwJg 4awhRmjEyW4 txGM6MnLSkI 02doLbrW1bQ D0zcFkC0bWM kC6mDtpB3t4 SWu9svAMtV4 jKujyqX6AgM mUbWK3fwFsA 7P7vOdiX90I b02BUFJVqUw 9eExN7W7Gv8 FsSFsZsCHG0 W4i2VoSEbFQ Ufo1JZRfGJ0 Xh5eXBTpuH4 jJejqWamGD0 u6CePmLLeWM N9AIwy7LOJU 1F38H4i436Q RJ64zlGMhX4 V4o5Mxha70s Pa2-f-n0tQY D9XZ8rU-WQw gabY-kiUaI0 Gqho__SSMho aQQ7two1srA 3udyV9uuLuc 7lH8I0BAOzA p9FgOXqupVc 2P1TA4g93AA z0NJiYF4Ihw 5FaGbW1L-kE N3EtPlyTIdU Cm64ZpZ7bn0 AIXTmV--8Ds g7rGey7Rxok ZNtcgs9l8Mw Yq47Up6lrI0 Xk5bH77AZBU 4Y6L3MWIo3A nZHf05gCY74 yHcOzvkyEjk ECSTB0LmH1s NdGtXuRGfHc _JGBZhLUnsE fhZDFnd1dHk DZk5qVH-3U4 v3vohBUXXFI T4ijVexEXU4 s7ktPhx4wYw vwrNTqDhyNg y5SQC7RtTgU RQYJ9iUhtJk o3aNC3vEo_4 clMbcSIPVAQ AyX69Rb_sDw uy20fJDRGg4 kgSiPyhUpHA DtegEnPoJK8 WZQoxorKd68 k4u67mCypLY E_eSLbX8kRQ IHOKhbfdp-Y hcFQzJbANe4 vTxfx4HOV3Y H9QRSB7aI80 _IYDB1_t4Q0 xjmR8xMW41U 5pWFk4hykZw mf4xWDFxCtM VfQe1OOAR9k MELE_HKRNws ferwAQm6gkw _Ps28E3clog k1GrYB4Mp1I sdMt9ucCJ10 ZKLLTj2-aL8 K9dxdTupk0E 8AoJoh2eQ5w KapIx3ZuvmI oZgH7ZUA6vg ghM4ZijfwAY fSX5ajlKBT4 PClhHKNPIVs z5alun-9ZeQ IM_UiQfFeko -5fgpXIuvSo _xBSyI6f8sY ua2W-WpkFhA 4OGt9IzUT4M u7LMd5CWVRs zHu6ZqZJz7g MBPakBwZSFA A4KM6YdTJr8 R74_NDu7TnA FbqJ9rRJ0vg K5yYwIAY1so g8vjIwR89os jhSXC3HQl-M F5uFCDHw7Pc mDlmhs-vSkw ywsKWKXYZyM giC4xbBZOtU mDqa64N_dXw udgRbieKxGg iFawpuThCYA QO1fmsvndm8 zlAKViVwaqk S6T9kkQhMLs a6Pi0alweII 4cAAu_lb25Y wcyTdC6VDIQ D7pokm49plA M1u5BlMXrOA 0nG1WFgtkJA t79utTVqMeo 4Ku-GwRU9K4 g4hJg0UGJJM 0N-U84enlNU IaEJvtriFns GJtJDuHhR70 IrFTc6TZyv8 F18KdYAzEdw WMxYUa1N1UA xiV970XvICk kWaOX2aC9_A WsfDDw2kVg0 p9anZS2GJ7s fmM77nUDKhM zMvC5Qcb3TQ kpiGkR3ixW8 NEzL-V-NyFg GeTN__rHh0w gR3hqOOA3jU PGQ_tmB0F7U skJ5Xb7pLNI -T_Hv8llu4A hN_Z2d89M5A 9FDcSnT3K34 Nr8kh63fqnA ksvYUOR-Gls kBxZNlN7rfM h1W28SanCQM ch13QCRm6PQ z_yRqypkOOY 6T0usLq1OyY DKgEW-1jA3Y vPW4jVfCLEY UkqUpPxGrMI Y6bj6cJXlmI dhrTG638xKQ 2CmjrHHQnOc fcbHQ-7c-Cg MWCF6c3qOWM 4Si4OoLZgDw AAJhl7PhT8M duqcbJbElo4 ZCRHm80et48 m8uGUVY5ipM XlEmihwQlsw Pq_U3B8-RJk -umdS_80HjE R27QJpEUCpo HhG8BqbSKWg wFAUsOwaBb0 6azImU9W-ls 0mQ2Lt0Svxg MvEo0R9VvpA RuB4vJgDhuc Cvz9w6NWJAA X_gZnyP6MyU hZxl-zuREP0 qczRzcqxoIo OVxBBuz7TUI Y8eGIf4N0-E vBuGcAtLt7s
411425,uy20fJDRGg4 kgSiPyhUpHA DtegEnPoJK8 WZQoxorKd68 k4u67mCypLY E_eSLbX8kRQ IHOKhbfdp-Y hcFQzJbANe4 vTxfx4HOV3Y H9QRSB7aI80 xjmR8xMW41U 5pWFk4hykZw mf4xWDFxCtM VfQe1OOAR9k MELE_HKRNws ferwAQm6gkw _Ps28E3clog k1GrYB4Mp1I sdMt9ucCJ10 ZKLLTj2-aL8 K9dxdTupk0E 8AoJoh2eQ5w KapIx3ZuvmI oZgH7ZUA6vg ghM4ZijfwAY fSX5ajlKBT4 PClhHKNPIVs DAIPPo4G0Xw z5alun-9ZeQ IM_UiQfFeko -5fgpXIuvSo _xBSyI6f8sY ua2W-WpkFhA 4OGt9IzUT4M u7LMd5CWVRs zHu6ZqZJz7g MBPakBwZSFA A4KM6YdTJr8 R74_NDu7TnA FbqJ9rRJ0vg K5yYwIAY1so g8vjIwR89os jhSXC3HQl-M F5uFCDHw7Pc mDlmhs-vSkw ywsKWKXYZyM giC4xbBZOtU mDqa64N_dXw udgRbieKxGg iFawpuThCYA QO1fmsvndm8 zlAKViVwaqk S6T9kkQhMLs a6Pi0alweII 4cAAu_lb25Y wcyTdC6VDIQ D7pokm49plA M1u5BlMXrOA 0nG1WFgtkJA t79utTVqMeo 4Ku-GwRU9K4 g4hJg0UGJJM 0N-U84enlNU GJtJDuHhR70 IrFTc6TZyv8 WMxYUa1N1UA kWaOX2aC9_A 96X2DsiUbbE 6R6Igh00lek K2yCmcYZNZI XF5xNPmWYSM XoHGnyd_AqM xgAVZIo7VyE bHzkhoqj718 ftW046ylMjk alVhEO0AoXs XlEmihwQlsw RCoHEctCU58 0mQ2Lt0Svxg t6vAVRt7T9U -H1jLjl6xgA CVVGod7F6v0 j978fgVAS1U qmKv1m2SVio S5u3b6Vcy00 KuIHSfSoKxs yy_NZnkgGeg HPRr0D1qywo 4e9KYsnH4ck FtE-nUGJxBg yyxx86TDvko ZmRiUB3tLSY uWO0Cdoh6Cc c9K9F8n1DNc nvEop9e0yVw 4mGbS5YuIwU LaIt4KP47pM HxTY0BXwTt0 ZzZt6OYjVts XShuvLqhyeY FB8JnUGK4UQ LyBwHMgYMoU FWi6F-PBals OWKzuNwzUn0 qHH0_lgygmY d_bYc0dAO6E hAuo5O45GD4 _2iz4GN3bEw U330T72kXVo QDQlI5tGEiI -LTY05GMwaU 34HGcIpuV58 jUJhkadliCU APwAiHlBnKQ sNxMGzadEOw cb7DY5Cbp3U t5SvNGGLtq4 lYKsU-vSH2E KGPKqLXm7AM JihMCAozIX4 DbbSQtqjEDM 5I7MjzpulRY aeYFAFJu7SE GyjWMIsYAu4 YC_ZCoQ_Pz4 QnR5WiA2eqg pwzr64iwNho ypJZNeUoo1o mmx1Etnzebo fdVvCj6MqYQ PSUqbEcn6o4 EMG7e8WxdDY gHYbaoG7qcU eNm5tQ66HnI jwjcb2pn8yU uWcekIoSLoc 5pDKlPhoRY8 n5vHJLIGDmI dcEcnv179jc rkK7JAoYBT4 vIWWl0-TwJg 4awhRmjEyW4 txGM6MnLSkI 02doLbrW1bQ QY3sxLFRmiY D0zcFkC0bWM kC6mDtpB3t4 SWu9svAMtV4 mUbWK3fwFsA 7P7vOdiX90I 9eExN7W7Gv8 FsSFsZsCHG0 W4i2VoSEbFQ Ufo1JZRfGJ0 Xh5eXBTpuH4 jJejqWamGD0 u6CePmLLeWM N9AIwy7LOJU 1F38H4i436Q RJ64zlGMhX4 V4o5Mxha70s Pa2-f-n0tQY D9XZ8rU-WQw gabY-kiUaI0 Gqho__SSMho aQQ7two1srA 3udyV9uuLuc 7lH8I0BAOzA p9FgOXqupVc 2P1TA4g93AA z0NJiYF4Ihw 5FaGbW1L-kE N3EtPlyTIdU Cm64ZpZ7bn0 AIXTmV--8Ds g7rGey7Rxok ZNtcgs9l8Mw Yq47Up6lrI0 Xk5bH77AZBU 4Y6L3MWIo3A yHcOzvkyEjk ECSTB0LmH1s NdGtXuRGfHc _JGBZhLUnsE fhZDFnd1dHk DZk5qVH-3U4 v3vohBUXXFI T4ijVexEXU4 s7ktPhx4wYw vwrNTqDhyNg y5SQC7RtTgU RQYJ9iUhtJk o3aNC3vEo_4 clMbcSIPVAQ AyX69Rb_sDw O2XpPnqXghA eSoBuYMawrA 7O1rE4lAoLc 5Lc-agdPklA 5TW7zxq69ZQ -j71cJYaqvs I6xcp06IRrA H-fQyQKHfzk rpKpLCGKxtg Cb5raM28Ews CqDJ0BpSlIA Uw0DOOfRwhQ ZaPSakh2Bhg 9l8TOyTn8eA 34f35420QF4 2titm9Xutp4 wHV5p_x_e98 9o-Yf4favwg qFsii4BD0xE bDyu2HZt4AM WaeDYTJnVDg Xq4lIU2IPD0 i8piyS-GAHc _6Nj58CBC_w HPzvwfkJMlw snLy_y3XhSk 3aLKMlKFUZ0 jFVMbkRJI9g x1_YZC2aExA S4_83ns7uJc zyvVjsHlz24 DrVy7Wcc6h0 dS8wlaw_Bx8 VJWOlKqDzIo jeVY5uIvF44 VBXrv4eNxKo Cq-GFbzwo6o Dmz9jGg7_0M gZExLt1_6Kg nYuiyi_yKSE -SNXZuKZRY8 CEtNBOqIdJI 3IcVEv4Xqqw RUFbHM8PUpU S2qLgSXSk1w tGi85VAUYVU uqFJ-kAW7h4 qxGooHTDEo8 p8EWi8vxNNs G8lxfL45VoU iAmKxKSwi6g VqgOZ8oBSXg Ke-hpfrBkSo Q4blWSpMjww V94R0snHHfU OwejcoZfL0s 3udo32G3aVU hD4Rvl6RS30 vLxN_y-ZR9A jzvHaD5BZiQ waD8zzDYxWY sizD9o7GZ0g pVZy8jWm9SI v4iwdfbSDe0 A2o12XYC2So -AKUr5uoh4E sXboL5oeZvo MQomVOT92mQ bPPWcbhXEq0 tIvZe4dvCE8 mCAQrrHd2lI xJbh5txI158 -1wSir0tJdI cQlzBnnGguQ tSg_KWTYSwg f-vo9wWlQ5Y Hk7Z05d_UDA assDY6NcsQA xK_UuFv7_T4 jdfbskzVMH0 XroMvqJZwB0 62jNCVhgBaQ 5faoh9Iyh6I a5eiHqY3cr4 VAX2TkSbT9Y B4tDanLyxzo YcC9JSHEDNc NIEcpGo3Qk4 xVvZcge6Gmo qU--dSrau_k Cc3tMomrNIE bkdY-peKMXo RMQrBuNvwsw GXacJNLiL7I YO0YGBdKi-k aKEE5TDikLc uoqq4dX3j6M g0sAux9bs_4 csaqzyHbAM4 7qdWntukGfM
612624,1c1Z1XOW9l4 zAi6Qe0qiIs Hxq4jNx6DiA nyoc5ez8LW0 G3aUZbpRDMc jz0OzRLF1vM ByJb2UBkqnk xR0BqBdc9t8 Jr-s2SMcZoA 6v5Sz5HnnIA sT3Ljt_fTxA 4qd8Qq7cQFs 6tx7NxI8uD0 AzVD-v94J4E _wphthWfaO8 JkckqZL6tBQ 9jCaz4LO73E MivsDWjle1w Z_wNddut9oY uRBm6Q8BeIM 95N-SenXtoM bZ913S0zxOA l2bAAeBntPU smw4gEjyaDc UYT0KIETFRA P7ayD1o8QA0 _secdaYS0C8 64Y5ofEko9o e5HW_dqyRfM qwXobdebAGQ RtHbK-TxpO4 dfbBLRPhe9Y gxgRtvMrdpg G6Lz26ucdDc IWxMsPjZve8 oLJeygXpl9U RKAmxT_C1PQ NSq8T_Uz7RY 9Z9iOLJbSCw UzYjEEB8Xyk zh56SVaCGfM AFvZGKhW0IQ JUMVHJtrxXs UQt7GT-9jJY DRfXwMmjKaw SeRiMnZfXXU Hq8t2WbWs6Y kz_dD2aOlL4 xt6DhJUUfpw NRTxAAZVpCE Ho8dzZIwad4 Y4oNvtvr36M 8hhp4lEiTlU IFqjw7fPgGo 3v-CARIgmeA aP_giWsoYi4 99ceCCf2oH8 b-ZmMZp9kP8 8Wj0jm_8n24 whb1q5RXYfc SdDXUD1XPOc 88hQcHx-Olw 0KlJW1hqyI8 VlZ7VEe9zyQ OLFa-QvlQDc IGkEs2jHkmQ q0UvIxocuis zPjeKjF0kNA 6K8WDcqwDsw 7DXR1WhAick zzt6kah1-E8 eK28-f_ZEt0 zxQMbP5rjT8 lZcarpZnwT0 VieapMQO4iY hBDSLGGeahg YGU-ePqSt-w 4EcdAUoK9w0 NdNP-934MBg cCQQTObZhi8 6WvgvVYMfpM Zdrvj-aQVs0 6F1aErmecdA teZPIpsm6-o SdQe9tbq2Rs 6xWbxCgK3Q8 vvdbpcT2hvw VrpCL6rn0qI 14M_NwbSTeY d-nz-fzMAFg kj9LbtLiMng 8-iMymP6Tds -IOHN46ZQ8Q 9c6syqWYxkg YS5CvRSvGk0 rLP2hhHfOuc viO2V-BceCc CC5Ei7VUkBk 8lfD08F6Saw ueHLID2L2bI RMQrBuNvwsw GXacJNLiL7I YO0YGBdKi-k aKEE5TDikLc uoqq4dX3j6M g0sAux9bs_4 csaqzyHbAM4 7qdWntukGfM 4mGbS5YuIwU LaIt4KP47pM HxTY0BXwTt0 ZzZt6OYjVts XShuvLqhyeY FB8JnUGK4UQ LyBwHMgYMoU FWi6F-PBals OWKzuNwzUn0 qHH0_lgygmY d_bYc0dAO6E hAuo5O45GD4 _2iz4GN3bEw U330T72kXVo QDQlI5tGEiI -LTY05GMwaU 34HGcIpuV58 jUJhkadliCU APwAiHlBnKQ sNxMGzadEOw cb7DY5Cbp3U lYKsU-vSH2E KGPKqLXm7AM JihMCAozIX4 DbbSQtqjEDM 5I7MjzpulRY aeYFAFJu7SE GyjWMIsYAu4 YC_ZCoQ_Pz4 QnR5WiA2eqg pwzr64iwNho ypJZNeUoo1o mmx1Etnzebo fdVvCj6MqYQ PSUqbEcn6o4 EMG7e8WxdDY gHYbaoG7qcU eNm5tQ66HnI jwjcb2pn8yU uWcekIoSLoc 5pDKlPhoRY8 n5vHJLIGDmI dcEcnv179jc rkK7JAoYBT4 vIWWl0-TwJg 4awhRmjEyW4 txGM6MnLSkI 02doLbrW1bQ D0zcFkC0bWM kC6mDtpB3t4 SWu9svAMtV4 mUbWK3fwFsA 7P7vOdiX90I 9eExN7W7Gv8 FsSFsZsCHG0 W4i2VoSEbFQ Ufo1JZRfGJ0 Xh5eXBTpuH4 jJejqWamGD0 u6CePmLLeWM N9AIwy7LOJU 1F38H4i436Q RJ64zlGMhX4 V4o5Mxha70s Pa2-f-n0tQY D9XZ8rU-WQw gabY-kiUaI0 Gqho__SSMho aQQ7two1srA 3udyV9uuLuc 7lH8I0BAOzA p9FgOXqupVc 2P1TA4g93AA z0NJiYF4Ihw 5FaGbW1L-kE N3EtPlyTIdU Cm64ZpZ7bn0 AIXTmV--8Ds g7rGey7Rxok ZNtcgs9l8Mw Yq47Up6lrI0 Xk5bH77AZBU 4Y6L3MWIo3A yHcOzvkyEjk ECSTB0LmH1s NdGtXuRGfHc _JGBZhLUnsE fhZDFnd1dHk DZk5qVH-3U4 v3vohBUXXFI T4ijVexEXU4 s7ktPhx4wYw
193445,
1294194,k0HKvl5dYV0 AMuSsWbWJq0 4HL-aZMBbfE xAM9whrzPzc nDxD9-JBhQU 5iwlctFVYkQ ByJb2UBkqnk xR0BqBdc9t8 Jr-s2SMcZoA 6v5Sz5HnnIA hdXP-wflVXc AzVD-v94J4E _wphthWfaO8 JkckqZL6tBQ 9jCaz4LO73E MivsDWjle1w Z_wNddut9oY uRBm6Q8BeIM 95N-SenXtoM bZ913S0zxOA l2bAAeBntPU smw4gEjyaDc UYT0KIETFRA P7ayD1o8QA0 _secdaYS0C8 64Y5ofEko9o e5HW_dqyRfM qwXobdebAGQ RtHbK-TxpO4 dfbBLRPhe9Y gxgRtvMrdpg G6Lz26ucdDc oLJeygXpl9U RKAmxT_C1PQ 4l3SuidkfWM UzYjEEB8Xyk zh56SVaCGfM AFvZGKhW0IQ JUMVHJtrxXs UQt7GT-9jJY SeRiMnZfXXU Hq8t2WbWs6Y kz_dD2aOlL4 xt6DhJUUfpw NRTxAAZVpCE Ho8dzZIwad4 Y4oNvtvr36M 8hhp4lEiTlU IFqjw7fPgGo 3v-CARIgmeA aP_giWsoYi4 99ceCCf2oH8 b-ZmMZp9kP8 8Wj0jm_8n24 whb1q5RXYfc SdDXUD1XPOc 88hQcHx-Olw 0KlJW1hqyI8 VlZ7VEe9zyQ OLFa-QvlQDc IGkEs2jHkmQ q0UvIxocuis zPjeKjF0kNA 6K8WDcqwDsw 7DXR1WhAick zzt6kah1-E8 eK28-f_ZEt0 zxQMbP5rjT8 lZcarpZnwT0 VieapMQO4iY hBDSLGGeahg YGU-ePqSt-w 4EcdAUoK9w0 NdNP-934MBg cCQQTObZhi8 6WvgvVYMfpM Zdrvj-aQVs0 6F1aErmecdA teZPIpsm6-o SdQe9tbq2Rs 6xWbxCgK3Q8 VrpCL6rn0qI 14M_NwbSTeY d-nz-fzMAFg kj9LbtLiMng 8-iMymP6Tds -IOHN46ZQ8Q 9c6syqWYxkg YS5CvRSvGk0 rLP2hhHfOuc viO2V-BceCc CC5Ei7VUkBk 8lfD08F6Saw ueHLID2L2bI e-I0Co00OPk T-HQNWJjrOQ 76toQV3nCzQ 79Sd0W0eatw O2XpPnqXghA eSoBuYMawrA LaIt4KP47pM HxTY0BXwTt0 ZzZt6OYjVts XShuvLqhyeY FB8JnUGK4UQ FWi6F-PBals OWKzuNwzUn0 qHH0_lgygmY d_bYc0dAO6E hAuo5O45GD4 _2iz4GN3bEw U330T72kXVo QDQlI5tGEiI -LTY05GMwaU 34HGcIpuV58 jUJhkadliCU APwAiHlBnKQ sNxMGzadEOw cb7DY5Cbp3U t5SvNGGLtq4 lYKsU-vSH2E KGPKqLXm7AM JihMCAozIX4 DbbSQtqjEDM 5I7MjzpulRY aeYFAFJu7SE GyjWMIsYAu4 YC_ZCoQ_Pz4 QnR5WiA2eqg pwzr64iwNho ypJZNeUoo1o mmx1Etnzebo fdVvCj6MqYQ PSUqbEcn6o4 EMG7e8WxdDY gHYbaoG7qcU eNm5tQ66HnI jwjcb2pn8yU uWcekIoSLoc 5pDKlPhoRY8 n5vHJLIGDmI dcEcnv179jc rkK7JAoYBT4 vIWWl0-TwJg 4awhRmjEyW4 txGM6MnLSkI 02doLbrW1bQ D0zcFkC0bWM kC6mDtpB3t4 SWu9svAMtV4 mUbWK3fwFsA 7P7vOdiX90I 9eExN7W7Gv8 FsSFsZsCHG0 W4i2VoSEbFQ Ufo1JZRfGJ0 Xh5eXBTpuH4 jJejqWamGD0 u6CePmLLeWM N9AIwy7LOJU 1F38H4i436Q RJ64zlGMhX4 V4o5Mxha70s Pa2-f-n0tQY D9XZ8rU-WQw gabY-kiUaI0 Gqho__SSMho aQQ7two1srA 3udyV9uuLuc 7lH8I0BAOzA p9FgOXqupVc 2P1TA4g93AA z0NJiYF4Ihw 5FaGbW1L-kE N3EtPlyTIdU Cm64ZpZ7bn0 AIXTmV--8Ds g7rGey7Rxok ZNtcgs9l8Mw Yq47Up6lrI0 Xk5bH77AZBU 4Y6L3MWIo3A yHcOzvkyEjk ECSTB0LmH1s NdGtXuRGfHc _JGBZhLUnsE fhZDFnd1dHk DZk5qVH-3U4 v3vohBUXXFI T4ijVexEXU4 s7ktPhx4wYw vwrNTqDhyNg y5SQC7RtTgU RQYJ9iUhtJk o3aNC3vEo_4 clMbcSIPVAQ AyX69Rb_sDw uy20fJDRGg4 kgSiPyhUpHA DtegEnPoJK8 7O1rE4lAoLc 5Lc-agdPklA 5TW7zxq69ZQ -j71cJYaqvs I6xcp06IRrA H-fQyQKHfzk rpKpLCGKxtg Cb5raM28Ews CqDJ0BpSlIA Uw0DOOfRwhQ ZaPSakh2Bhg 9l8TOyTn8eA 34f35420QF4 2titm9Xutp4 wHV5p_x_e98 9o-Yf4favwg qFsii4BD0xE WaeDYTJnVDg Xq4lIU2IPD0 i8piyS-GAHc _6Nj58CBC_w HPzvwfkJMlw snLy_y3XhSk jFVMbkRJI9g x1_YZC2aExA S4_83ns7uJc zyvVjsHlz24 DrVy7Wcc6h0 dS8wlaw_Bx8 VJWOlKqDzIo jeVY5uIvF44 wbizXnuaxmQ VBXrv4eNxKo Cq-GFbzwo6o Dmz9jGg7_0M gZExLt1_6Kg nYuiyi_yKSE -SNXZuKZRY8 CEtNBOqIdJI 3IcVEv4Xqqw RUFbHM8PUpU S2qLgSXSk1w tGi85VAUYVU uqFJ-kAW7h4 qxGooHTDEo8 p8EWi8vxNNs G8lxfL45VoU iAmKxKSwi6g VqgOZ8oBSXg Ke-hpfrBkSo Q4blWSpMjww V94R0snHHfU OwejcoZfL0s 3udo32G3aVU hD4Rvl6RS30 vLxN_y-ZR9A jzvHaD5BZiQ waD8zzDYxWY sizD9o7GZ0g pVZy8jWm9SI v4iwdfbSDe0 A2o12XYC2So -AKUr5uoh4E sXboL5oeZvo MQomVOT92mQ bPPWcbhXEq0 tIvZe4dvCE8 Lc23vYwPihU mCAQrrHd2lI xJbh5txI158 -1wSir0tJdI cQlzBnnGguQ tSg_KWTYSwg f-vo9wWlQ5Y Hk7Z05d_UDA assDY6NcsQA xK_UuFv7_T4 jdfbskzVMH0 XroMvqJZwB0 62jNCVhgBaQ 5faoh9Iyh6I a5eiHqY3cr4 VAX2TkSbT9Y B4tDanLyxzo YcC9JSHEDNc NIEcpGo3Qk4 xVvZcge6Gmo qU--dSrau_k oMuxgAbHgJA Cc3tMomrNIE bkdY-peKMXo RMQrBuNvwsw GXacJNLiL7I YO0YGBdKi-k aKEE5TDikLc uoqq4dX3j6M g0sAux9bs_4 csaqzyHbAM4 7qdWntukGfM 4mGbS5YuIwU WZQoxorKd68 k4u67mCypLY E_eSLbX8kRQ IHOKhbfdp-Y hcFQzJbANe4 vTxfx4HOV3Y H9QRSB7aI80 xjmR8xMW41U 5pWFk4hykZw mf4xWDFxCtM VfQe1OOAR9k MELE_HKRNws ferwAQm6gkw _Ps28E3clog k1GrYB4Mp1I sdMt9ucCJ10 ZKLLTj2-aL8 K9dxdTupk0E 8AoJoh2eQ5w KapIx3ZuvmI oZgH7ZUA6vg ghM4ZijfwAY fSX5ajlKBT4 PClhHKNPIVs z5alun-9ZeQ IM_UiQfFeko -5fgpXIuvSo _xBSyI6f8sY ua2W-WpkFhA 4OGt9IzUT4M u7LMd5CWVRs zHu6ZqZJz7g MBPakBwZSFA A4KM6YdTJr8 R74_NDu7TnA FbqJ9rRJ0vg K5yYwIAY1so g8vjIwR89os jhSXC3HQl-M F5uFCDHw7Pc mDlmhs-vSkw ywsKWKXYZyM giC4xbBZOtU mDqa64N_dXw udgRbieKxGg iFawpuThCYA QO1fmsvndm8 zlAKViVwaqk S6T9kkQhMLs a6Pi0alweII 4cAAu_lb25Y wcyTdC6VDIQ D7pokm49plA M1u5BlMXrOA 0nG1WFgtkJA t79utTVqMeo 4Ku-GwRU9K4 g4hJg0UGJJM 0N-U84enlNU IaEJvtriFns GJtJDuHhR70 IrFTc6TZyv8 WMxYUa1N1UA kWaOX2aC9_A LtOg9q3yBOM EG-mWcDbasI 6N7Sk1ZRohU A06r7O74SSM 5oDvBGsq2Po I9dFXQ2DrNQ DVSHQs8Dt5g cnnZFe_lQSI 8nksej965lM
5341428,Oe-EZs6HhcM xbOsDXc4TIo vX40jexcf9M jG68HVbxQ9o qpfdEYEirlw osC7NTNYHwE tj72VFkFkGo wkNg4Xa30yU vWwM8qcZJGs ixW2DeaRS1k XxIHcVghRVg Re_m6NZZL0A JQVr79xN8SE 16AFTjZFGsU 71sdPR9JmfQ 0wD2y9gEdCk _2oZzTYIZfA BvD2fWjSVAk T0gh9mj26_8 ywPfHT2x6Pc 8YPQ8kDTxh0 0aXAB1yGP_0 CmCKYMM83Gg 3QerSUMsL-k 47x4b0S2wx4 Wtk_lqlrf4M cs6sqGFBn1c NJrvp2M4Lk0 h4QbBBLyGKI 3rQLvf2fO-0 7TTdWXInR7A IFv1HprjTqQ rGjM6zT0D_A 6zRWw-7ymmA IxoHMqtavmM VRlWmhwn_EM aAIIivr09yI ZvROfabBLEY FHFB7nKUHUs OlLoqYGbBHU xtq6KRPKR-E KxoRnjImR3k gNcXTiM8VAQ Ssq2MrPdPEo aUWuLiHXVoY GSczuY-AOu4 qGvgG0xcHj4 BU4b2J705zw OdC8vC0zv7M 2Z2gHSBb9Gs ELvAVezSE4Q 6H_yTawG5Wk YzAfM7Y90Tg ds1bwERepDU kRaNc3i1ErU XYaDjWhrMtY nJEIo16cQeY FyOQdwDiPFY dKXVRqvRGPg 7QH5XzKW704 JRoc1RgUm-U nY2rqJnL9vs m1bZxkX82Oo NMq_vHjHF00 rvGfkBaj0XI K8iioFqGN08 Tv4Bqu4Um9Q RbGw8ntJIBc D4_0Khx-0LY o9RnbEpuPlk Jme6yi94ID4 11AFc_Zt1Ns TVF0TtIszvo eeNW4go1pzE bQ1NXlVjhtk SO_5oZQrwYY 2LksfhjXAlA WgnPdhSgJhg zAx4rDUz_C4 feQUwJzhocw ctvmjDSdd3o eyGh5NwX-HE uIcl6aZO1yY 3sVBJe4RIhA qPnC_xM4bEs J3l2lkWZK0U z4QpomKYfgQ 3_gN-OTwiXQ 2FkiC7qbKoo 50XtR8QAWxM Roa6IIDgIKA zoPSWp-8InE TcgzSlvDx8s hTL45H0UGnk B0JuA2WOflY F14phq7db9A 7HKV2X00JOY 9YxIwIRMOjg WeMEfnfG5dI mkUgsDKVoPc Y0i8wsxdcNU 6q7g9GkWlLc g59n6gcwCY8 dD2vTmI-wok gweROlp5ayE IqdYE8KxMVQ bORiDKVPiyM P_-z_cSayow G03fChIu2jY LAWmIYZl1SE KoeXZwS_EkU oKYZrpCRBYI GJ8FrjyWBVM FqWOjHk0kQU n1Dr7E5Wwyo IxRF8d6tKpE _I2iznfbLvY gsUnw_FnM8M 4LT0Rr8dRMU uvQy5MLV3yo llhEuJlZz68 c9BIssu-vvE vIyKyYpjAFs 72aJQv1Dx2A yaaqg8SqBZ0 9WtlYNzAT8g UcV24Uu8Sr4 Dd-8FcktYeU LG9F2cVt8wM sIPaTfDwB-4 eWzLa6yALTA jQ8AQx8R424 PasspM7pOm0 plvcErIKEyU dKWiD8lqy9A eGy5GashEdA nvFeW7lOX5M 3gtqidAjoAA Tm8eogMo2TQ de-uOsvbFRc qL0_lGKiOsM _w8sEH7wRKM QzmnsFBJjvw C75etUoNJ8Y Lskd_GWzYWE SnVeT4R7j3A Jo9N9J8tBVw OLuOkOsCPDI ScGabpimYmw msdeYXjaCoI R97WL1kNJQI TqSS9PZxOWQ 2GG0NMIMFvA rGsxy9Ph5Jo gTdesYYVQJM IvxSEoEwqVg TmoVD86tkl0 fGXZcP9F55s rpEyXJVIo1s 4VgbOejmQSw g3Pob78iAes 1tm1AfhzVAM Y2d1EDiz4WY _LMYp6gJBpI 6_BqWvIG-ew 336tspm_tU0 jgMmtIVWDpQ ZuqLdi64aDw chiPqpzuWy4 3GpRfU_NVmQ 4mfrd6bx-XQ EufoXzG_DV4 w99Z73H59o0 5SYJWZDWRaE 4MrGycpyH1c 4ZpIRYSjSj8 3iLImXQJmno anLvJ8Z9TBI DHEtf5Jwvvg JxfqWzFZhXA iwPeiNO34fs zxTowZ8MKqE c6CY1GN821Y ed1h9yAuVk0 WP7M9kCkZXc rs5k24zihN4 FqJQ8wBfj2w 3vv-p6CTiZI WBjnw5Q7xRo ssuizurjLRg lEJQ127Q-TU VJBkoUB-cNs 715gadwsJPs V-05IORueN4 zeVRgS4tMf8 cK34PY1V13w RHbHRjrqQTM SzE3YxKZNRk ni5-3x6ofjc WZDUoRjQWyw
170827,E1tOiNwgsvw XG08uw17_q4 EoTAEhTz8jI Y5ibh9ihw6w x4MmD6v4F9E 2EqpCziBtRk 4yJbKTNZY7E nV6PXx1co7w EN-GGpiP_As HuGleBN8MHI 42lNiOVFrhc ApWLCgso5k4 IMvJEmcvuVE E-R8f6mlRjo Ni9HJ75ZZw4 C9qQs2jV6j0 1wdJxvti3pA MYU1o7v7Guc rUg2slvIAJA Qidq1KxoSkM BNpARdXsk54 _Dsp0KGBKxM OVxbShMM4mI dugrNMgO7kE Wg5p0Ty3Y8I BK2RVFVG4i4 Q9RdC7cqtMA 9jeSv05cWok Q1Kcql9bqKI HR3W-_4OO7c XDjgDrNL4p8 rD9wvYsovPg -zpL6bawOJ4 hKDtFHczcxQ 8yROgo28VqM s1VnV4tGGoY JsZ4-SNp5gM D44fUdSMTXQ cDRF4IPbhNk TLHnQeENkqA QaV-ztWUflw qNo547t0FyA zpg1iJCMAOM SSqF7L63L2I HII_O3ZcJRw 8VePAg9Fbkg xhvLZlljcEM lcSQcKRMSuA R2IF1VCcZVQ U2O17FpuTZ4 YBWWwKzFwF4 SstXyfHh6kc 3fTGIn0e9c8 4PbhLdgfo-Y Cz18e6TN0JI 7Yc4nziMOYg Tmgvp7-WJ3g mpmvBjWRfuo AEoBX5SLkkI XNIZBqaL714 SQQTyMCmwgo j96TWeyd-U8 ecIxiU3z2DA 3uRBLFHnrOk e4joph7xD6k MUEYLO54DGA yUSXbxUz3B0 NuBSJi-tpPY b64SzBXzfZA STD2hl8Hs7g hF19xvWQRhc 4spdr8i2CdA UPYA-oUkUvI nofvRambfSM sSz9AsTbof4 jhCePx6YDHA QQiKG2ITuwE rA-Qgupmrr4 7PDK1bAeBAg ro3IEn3ptb0 jzTwlOsxNe4 5hh9f1FQ_2Q Lw7A5Nj3Zvo 5YcpFYv8ifs HPfSvqZjlF4 efuTMPXrT6w cFkAeKHtQTg v9kjtMeIC8s DDGlIgnkBgo TIXg0LPQgAM Qa-OaQYUkVs poRHWL_suYc 9sPKK7kxSyc 1kUjqSKingc QWPtalfLhio 419T-46E-1M _WjOs2MRwoU 4I4LI-SbjN8 KBEi9vjzs0M QxdPxrTZ7C0 NefEeGyMmT8 8TMg8W9F5QU 9i68W2hkTB0 Cg8mNMbhPqI ifgWuX0CMfA -t4fVsGdd80 qkhdBIcCigQ 56P-w_6Whzs JFRu2e89BSY MLN2xe__Hxo gN1vmwoo1ws pz37Ifaw4cw lZoEJ-OWj_0 tK_4kRRktIw lebsZJf-Obc xlyrDwnRDTs DmitkUa7fgQ 7KH1Pftp2Vw pHBFlfihAtc F18KdYAzEdw QWvf83noYJc w9vOKp2nhIs -SMM8TxcNWU GeTN__rHh0w bMsp0KeFmv4 RoM7ICXhC-8 uld6I3Lth7s kVH5cDcBUk4 gO8YMXfHqdM _MzU2_aHnwI 19q-zrBQxAg xe_mZqB0Fs4 gA41xXWWssE Lopo2wMnTJI BtaVv6a_bps 1DvFe5jSMX8 f5S00V5JGvc ldjbOk3awcc 2CmjrHHQnOc xmnr8uUAls4 IKyMZk8fIn0 iQP3mgNwunc ppJN0hsE79Y IkfO-fy1Gho lXfHliQzUg0 bHzkhoqj718 AAJhl7PhT8M X0dsZtt-0Mg 1CGb6OsmtsE duqcbJbElo4 aNvgyAm-CvQ GOIJid6zMCQ ZAOK8EFPb68 yaAVKzYIHwM 4Sug3FTWo_I ulP3nt5ZH3k d6VfkHJ2lmI ZMap9aUyaZc XvyxBTyhEt8 YBJ8S3NHQhY mVtdnfVeeEQ -umdS_80HjE UvMLPFvCMpY 6azImU9W-ls xcUK379t4z4 p-W77eT0xMY CFKrbw0kQSQ 2vJFgZFGSEQ e2YtmYoTiCI OMCbDNGslB8 lvFyRmwSbIg U0x-8RB3eWk X-2SSiTEjYE NbZwshRRjaI N8fDOdGdozg JzvkLRJgLMk m45Hpxblb6E _SLovXkibGc LRNXxe3db3M e7fVhmYh_1A 8B_EImXAPS0 VjQyT26Zaeo 6jJfyQg6uPI acOoeGN_QEA
32478049,Hxq4jNx6DiA ByJb2UBkqnk xR0BqBdc9t8 Jr-s2SMcZoA 6v5Sz5HnnIA AzVD-v94J4E _wphthWfaO8 JkckqZL6tBQ 9jCaz4LO73E MivsDWjle1w Z_wNddut9oY uRBm6Q8BeIM 95N-SenXtoM bZ913S0zxOA l2bAAeBntPU smw4gEjyaDc UYT0KIETFRA P7ayD1o8QA0 _secdaYS0C8 64Y5ofEko9o e5HW_dqyRfM qwXobdebAGQ RtHbK-TxpO4 dfbBLRPhe9Y gxgRtvMrdpg G6Lz26ucdDc oLJeygXpl9U RKAmxT_C1PQ UzYjEEB8Xyk zh56SVaCGfM AFvZGKhW0IQ JUMVHJtrxXs UQt7GT-9jJY SeRiMnZfXXU Hq8t2WbWs6Y kz_dD2aOlL4 xt6DhJUUfpw NRTxAAZVpCE Ho8dzZIwad4 Y4oNvtvr36M 8hhp4lEiTlU IFqjw7fPgGo 3v-CARIgmeA aP_giWsoYi4 99ceCCf2oH8 b-ZmMZp9kP8 8Wj0jm_8n24 whb1q5RXYfc SdDXUD1XPOc 88hQcHx-Olw 0KlJW1hqyI8 VlZ7VEe9zyQ OLFa-QvlQDc IGkEs2jHkmQ q0UvIxocuis zPjeKjF0kNA 6K8WDcqwDsw 7DXR1WhAick zzt6kah1-E8 eK28-f_ZEt0 zxQMbP5rjT8 lZcarpZnwT0 VieapMQO4iY hBDSLGGeahg YGU-ePqSt-w 4EcdAUoK9w0 NdNP-934MBg cCQQTObZhi8 6WvgvVYMfpM Zdrvj-aQVs0 6F1aErmecdA teZPIpsm6-o SdQe9tbq2Rs 6xWbxCgK3Q8 VrpCL6rn0qI 14M_NwbSTeY d-nz-fzMAFg kj9LbtLiMng 8-iMymP6Tds -IOHN46ZQ8Q 9c6syqWYxkg YS5CvRSvGk0 rLP2hhHfOuc viO2V-BceCc CC5Ei7VUkBk 8lfD08F6Saw ueHLID2L2bI e-I0Co00OPk 76toQV3nCzQ 79Sd0W0eatw O2XpPnqXghA eSoBuYMawrA 7O1rE4lAoLc 5Lc-agdPklA 5TW7zxq69ZQ I6xcp06IRrA H-fQyQKHfzk Cb5raM28Ews CqDJ0BpSlIA Uw0DOOfRwhQ ZaPSakh2Bhg 9l8TOyTn8eA 34f35420QF4 2titm9Xutp4 wHV5p_x_e98 9o-Yf4favwg qFsii4BD0xE WaeDYTJnVDg Xq4lIU2IPD0 i8piyS-GAHc _6Nj58CBC_w HPzvwfkJMlw snLy_y3XhSk jFVMbkRJI9g x1_YZC2aExA S4_83ns7uJc zyvVjsHlz24 DrVy7Wcc6h0 dS8wlaw_Bx8 VJWOlKqDzIo jeVY5uIvF44 VBXrv4eNxKo Cq-GFbzwo6o Dmz9jGg7_0M gZExLt1_6Kg nYuiyi_yKSE -SNXZuKZRY8 CEtNBOqIdJI 3IcVEv4Xqqw RUFbHM8PUpU S2qLgSXSk1w tGi85VAUYVU uqFJ-kAW7h4 qxGooHTDEo8 p8EWi8vxNNs G8lxfL45VoU iAmKxKSwi6g VqgOZ8oBSXg Ke-hpfrBkSo Q4blWSpMjww V94R0snHHfU OwejcoZfL0s 3udo32G3aVU hD4Rvl6RS30 jzvHaD5BZiQ waD8zzDYxWY sizD9o7GZ0g pVZy8jWm9SI v4iwdfbSDe0 A2o12XYC2So -AKUr5uoh4E sXboL5oeZvo MQomVOT92mQ tIvZe4dvCE8 mCAQrrHd2lI xJbh5txI158 -1wSir0tJdI cQlzBnnGguQ tSg_KWTYSwg f-vo9wWlQ5Y Hk7Z05d_UDA assDY6NcsQA xK_UuFv7_T4 jdfbskzVMH0 XroMvqJZwB0 62jNCVhgBaQ 5faoh9Iyh6I a5eiHqY3cr4 VAX2TkSbT9Y B4tDanLyxzo YcC9JSHEDNc NIEcpGo3Qk4 xVvZcge6Gmo qU--dSrau_k Cc3tMomrNIE bkdY-peKMXo RMQrBuNvwsw GXacJNLiL7I
29272114,8v9pdwpIfus 9nYAsHwlSY4 MNUarSc3UVY vX40jexcf9M qpfdEYEirlw OfcoMMvoNRA A0T2GN666R8 wkNg4Xa30yU NZ-vfi1EyWs dRPfTU5StYo vWwM8qcZJGs ixW2DeaRS1k ZtiHwFGGQ4g 0wD2y9gEdCk hCiokttA1CU 47x4b0S2wx4 Wtk_lqlrf4M uOxAdhpp9e4 1bCb6nbH1ho h4QbBBLyGKI 3rQLvf2fO-0 7TTdWXInR7A IFv1HprjTqQ VRlWmhwn_EM ZvROfabBLEY 8PkwLLBsKBM 36odqCIgyJU KxoRnjImR3k GSczuY-AOu4 fhouqwW-1fk QW8OUW5sa3U xnlCqTsxWk4 XyiGSRmWO1o XQv0dH7GjC8 OdC8vC0zv7M 2Z2gHSBb9Gs ELvAVezSE4Q 6H_yTawG5Wk YzAfM7Y90Tg ds1bwERepDU kRaNc3i1ErU nJEIo16cQeY 7Yc4nziMOYg FyOQdwDiPFY 7QH5XzKW704 xIQN7PEVhyc I09kfkYuzn8 K8iioFqGN08 Tv4Bqu4Um9Q RbGw8ntJIBc lt-msSdvTwE D4_0Khx-0LY Jme6yi94ID4 11AFc_Zt1Ns icyXmhGb7eU TVF0TtIszvo 7k2Tr5S8vN4 bQ1NXlVjhtk cCdAzHUU2PQ 92Nj9IOZpiQ SO_5oZQrwYY WgnPdhSgJhg feQUwJzhocw ctvmjDSdd3o uIcl6aZO1yY 3sVBJe4RIhA qPnC_xM4bEs rBTA_8EJlzI dHzRB0rAT_I TcgzSlvDx8s hTL45H0UGnk B0JuA2WOflY 9YxIwIRMOjg 9i_9ERO7T8M g59n6gcwCY8 dD2vTmI-wok lXavkb-QmFI H7lfCHB9aw0 fvDkNUKhUBQ IqdYE8KxMVQ bORiDKVPiyM P_-z_cSayow G03fChIu2jY RgtvcvCckl0 FqWOjHk0kQU n1Dr7E5Wwyo oKUNlj3qQ9k _I2iznfbLvY i_CKY7n_RZs wjSU0gkbeSA uvQy5MLV3yo vIyKyYpjAFs Oaj5N6LQkRY 72aJQv1Dx2A yaaqg8SqBZ0 9WtlYNzAT8g UcV24Uu8Sr4 sIPaTfDwB-4 eWzLa6yALTA K4jW_InGF58 SzM3LoHQKJg 3gtqidAjoAA Tm8eogMo2TQ de-uOsvbFRc QzmnsFBJjvw Jo9N9J8tBVw OLuOkOsCPDI ScGabpimYmw msdeYXjaCoI TmoVD86tkl0 fGXZcP9F55s 4VgbOejmQSw g3Pob78iAes Y2d1EDiz4WY _LMYp6gJBpI 6_BqWvIG-ew ZuqLdi64aDw chiPqpzuWy4 3GpRfU_NVmQ JxfqWzFZhXA iwPeiNO34fs zxTowZ8MKqE UZbD4JoFDOY ed1h9yAuVk0 fZ6rnh0uw6g sdOwOIODOEo 85jKO-H55us QqN7Bro_BPY frTTf7lLYfQ LWd_f1YmJ4k Oc8I2rZ8NsU HBDEuzvvjao ogd3BcFOXzI 3vv-p6CTiZI TBdLVWBHgNg WBjnw5Q7xRo ssuizurjLRg lEJQ127Q-TU 30IZ9qZCEQY 715gadwsJPs L_Qp7Ph-Jzk Zjg14Qb14rU CqVykMCCfIg LAYB2hZrTmQ 3am8LzooYmg qCNgNbANqUc -7jDWgtoXEs 5O7AT_Im8x0 cK34PY1V13w H2XRJ32D9Bw Ya9lOO17DJY PqQFS30P9pE UN7iyYdjNkA _KxdcX9y1GQ 9AIC9SuCT3k 5CX2e6wQ5qQ rSiS9qkJUU0 wGBgPXW7bzg O4OyGG6Fpok DwXJ9s7CfxM kBxZNlN7rfM ftwZ17wjuGM 7L_NgdGETZM _BhECnaWmsI cQuCgC886xM UiAX9R4lnx8 WZDUoRjQWyw IwM-gnrcwGU YekChzbwInA mC0DhX2rgRM
3839875,y0Iiz3Z7SKM XrBqjNiek4Y YRX3AMf5Z1s CyJHUg0tXAk FkPsxIYZoFg ysTPxUZnZaU oYjJgMdyopY IG4x4WShzcg KLKG3ddUlPk JbvcQq367qs kaGAt20Mvxc 2gHNiqysuvs MCzKhHj-YAI 5ku9brl7j7Y Gs5u2p37S0g UbUWaYsvuJo 0u-vZXBW0IM 2AbiTzbxH7o _BfA4h0NjUc bE9f79-uwLc RGnTmSv_08s dQpe5FjZEJ4 Q4-VUkRYqUU pTwShiK34Yg H9vkzyyTP64 NhFy-FUYCIo NGdKD1cd0EA 535WC0hAfNs gwd3e0nRrDc F0jzslMwUeo VjgQIg7Iuu8 53ziYbLeUss bu6ZBqmoJAc cmlyO55PNhg tTBC7tAbG1g trEO6CB0sa0 KLWakJNTIj8 iMmaGSSmucQ TjixOayr-sM fcqhBgDO47I N0Qr3Nb4VJw CdyzkUXMuDs HJslxRxO-ZI 460xG18XcPA syIRZdlGHXM 78Hn6TJLntc oo6oGSSa97g yWFkzmMjCM8 lxiUt-PMBZA AAIhZNgbzKA 8-gQPBu3sV8 hmhRqXdxauo zb0gc59abHg SGpM7S830Zo FwQPC_a46B4 FTrEYku6T4k 3n6yCkklGJM 9OxJLRbqdzk Ib-L4W90iH0 4MUFCwB7CZ4 ix51RgGPTE4 R-KtJvliGvo ezMWw1bP6NA z6Y9twINqbY TteUlAt_9Zs a8Oa0zh6Lyw yXvGA3zh1u8 aqnggPjWVpY UMtf0VdjltM Un9RFgqy7V0 Gre4z_ju3b0 LefIP8r9Shk 3AP34POaRxc q9WHMSVXcH4 O-PGFH6un0w ZSCJ7QZ-RdQ v6xqmTrRDPs F3VFUeTND_4 UR_75Hnu7bA JdUxhyyDFXM S5E62cTD9yg hu31Wovdr_0 90lcWCc9ELE n5HB76kn6Vs nY7xayHP4k0 WvCGOBwUDCI wmLhxI_VAUw lhkRCpG8Ttk J_roDBCaDPs kHvixxcVnfE Z_qaM9pMo2Q eruzlQy1YLY LgTV83UAhMY 3tEmQLsU33o DCMzKs7Wx9s cPTmZasvlEQ R7iItEQ63kU hpg93sB3Eis mK5U5sMGpQE RiumxdRrFAI BHXU0_Byn1Q sMckayTwNmE KZLO8Vf__fA myYVG5T9_lQ frrgznQtqTI McE6NxUW-4I zH4HwQu7238 xL1yHWzqz-o c-b2yibTtmQ Qp0gXguYdBQ eTHa2ZyV9xY SMLC1355akA YO1WoFfv_eg fjpxjHv3Jfc OSKDWhcwjog AGscQ1eN25E CthtO1K25O8 6B9Okuy8mUs H5a_1-xcKtE 6hxlKbJLApY HbPKnNmlYw8 VvLhdF7awmY LHvmBh9HmX0 PuHFuwvwadg tkjnScNBEDM z8iDzIoH5gA b-hG4ZTc-Hg 1egjZyhhZm8 dyfEJp6OoUY 5VZvWeWSLqE 2c_5RQVnFlw RzsJghe_2V8 e0rW2Jogqm4 d8CBC6kNOBY zr3tQHxFf3E GLBen62WzGw 1HI1YIQzn94 ci37IwOwI4M ZUJpCaYmct0 0zQdDo7Z0iQ 7I3wsQGnQLk 7o2GR4ayHCc wt7sOzV2vhY b26MZhhkc3U gqtqCSgivSo 3plILYIiFfE f73ZS1VD8Cw D50U-WbnoSQ wZbDkTtWpaU
13890840,-wQEDvRNwag 2OWtWk6rWoI E1tOiNwgsvw EoTAEhTz8jI N3e-aNurY1I 2EqpCziBtRk 74KSbibyA3c 4yJbKTNZY7E nV6PXx1co7w HuGleBN8MHI -Lu6-hUppvE H3lAmOR7lgU Ug1PIIHkBVU E-R8f6mlRjo Ni9HJ75ZZw4 1wdJxvti3pA MYU1o7v7Guc R5Vz-P8s10I Qidq1KxoSkM dugrNMgO7kE Wg5p0Ty3Y8I HR3W-_4OO7c Uv5o2BFbHZk Il0EEnhLfsg hKDtFHczcxQ LI8wfKazSLc 8yROgo28VqM s1VnV4tGGoY D44fUdSMTXQ QaV-ztWUflw qNo547t0FyA zpg1iJCMAOM OeUbM0S3auA HII_O3ZcJRw 8VePAg9Fbkg lcSQcKRMSuA R2IF1VCcZVQ U2O17FpuTZ4 YBWWwKzFwF4 o0c9dndMJ_I SstXyfHh6kc Cz18e6TN0JI ao_MOPJn88I mpmvBjWRfuo XNIZBqaL714 ecIxiU3z2DA 3uRBLFHnrOk MUEYLO54DGA NuBSJi-tpPY b64SzBXzfZA hF19xvWQRhc UPYA-oUkUvI nofvRambfSM sSz9AsTbof4 QQiKG2ITuwE 7PDK1bAeBAg 2J4vv3ylpM8 5hh9f1FQ_2Q Lw7A5Nj3Zvo KNX_ZSVm4bU ovpDtNamZ7c vBV5Us7OzZc wVco3d9KVL4 cFkAeKHtQTg 00gN4SpjruQ DDGlIgnkBgo z_SVVLzFR5o sZG4Uv7hGfw TIXg0LPQgAM 5IRhBMrFbLI CM0terMSabE Qa-OaQYUkVs FAN4irqAJao bYV3DiQR52o fpXL6g3kFiY 8TyeHyp-njE LGATc294LX8 8TMg8W9F5QU ZBG8ZJZf0so K254ChBx20g BruOkwN5JTo iVmq13Yd-xQ KOOyVVgyRd4 56P-w_6Whzs cZS7juI9LP0 37PM5uvytpY MXjuQ707pgg 1KCg1fPcwXY WUbD1BfxuA0 T2s0Rsak1io jKujyqX6AgM b02BUFJVqUw wK7D7wVH9cA iFP_9IF2pS4 GRFG--IeGzg c4kv7wk3l6o aiiR2U7usR0 7pAO3y-KB9E IT7xm6gszxI x50wepF-QYI HNZNL9kgO6k J8oBAGf4NsQ ovEzbiFKLZY RvycnzA0o0I wA0O-4DxkeY 7j-78FnLjvc bZoCwjDO-lU uTfYFeLas-o KzTkbT7fzJY biQad-tNgXs 0SDdXgEZRGs LeTXK9v-zE0 wfPWO6O8FOs 8bkihuYtV9Y 1Eq6qgSYT9E BLDAL0teQEw eCIJMUklGGs YH4JVMXILv4 IXmpZiMFFJU NEzL-V-NyFg ATwkHg-yd0c CN7jOn4c-BQ PGQ_tmB0F7U skJ5Xb7pLNI KXBiqy3sWuc Hvdgz536ZLE ePIhdsNuhP4 X_gbmPtwF2k IF7o0bHE3mg avT4VzDNqe4 RyyHIXuAfZY dsAzuQx3t-M zxlkUCH9Ioo NbOeAR6THj8 bc4t6BUHZH8 pfegwd0AkBo TcOJVF3usno quLVciXyliI z_yRqypkOOY Xta1bs5o854 5h3RzZLDjZw 7U02D_LwBcQ mmmO-m_e08c zKwnMCEp3HM FM5XbPBElKo aM6XeKFory8 KamUKyQiJbM pSFdQKfy2PA zCItnWtwDVQ jj0sVb26QJc lXfHliQzUg0
25275782,yNb370Iq5yg 2NA_Fb_AeJM QJHkp-5sx8w OBffFZBueGA __RBAh_tltc vDsqrfsQ0Gk wLJR3Re8wAQ tYwZhxX43LM sAXtvhloVBI 4QaWAq5phYA onxS4OkQ2lw 2RpH8PtwsDI TsIdi77Yn24 mXxGPkSnpSQ XiJyRkmPWwA qrtdbEASj6M DmaDr1E0PD0 p_CsQHUW04Y ujgg8LeF9rw GcyIGo7QEkY ceZnyhWOQPU uZzjNygdVFA Na94jBGw3iA CvL2skNhRig UVltJ_diQ7g yFjUiDGM8kM 77TuAPuhHeg jliCiNUvMpI pwrYX9SwLMs 1lpWCrK8HMc o5M1wtd67wc 7cVCiXjaCFw iKkRF9ywAMs ZWHiTRq9mCo 2tqTIoPupIw 0ZH55dnuC5s 9yiOHvB7M64 RQK8lfFfJ_0 8qYFS5hJz4U E23dqHcyh3w 8V7CQLqCvUg 0kqec18dkaE M7ytC_UJ9XM j01VnoxpFKY bgHHNwR0tSw Sw8TNBcM0j0 5WeQgWq2UJY V7th426sTg4 oRjESvbwKdI FSv5JnE5QoY B6Jr7_XOiBs OBDKUwYl7Cc O29bjIIwvaY 5odj_3wRdX0 Z1wVVRJpynY fddGO6N-T8E VjDr7jzy7_U MSS5F294iis 3ybPcddxhGo oUiY6qUkKxM cLTLWNR11eY vulVrZ3QETc SRDxjKUMPFg RhQmG84JvqU Pl0zEwuDFlo Wk82enlHq70 sKyP7FhFNvY pEgVH_WxxaE DLFailwbqbg JBvCaZaBntU 1DHcaomW9j4 pFYdtuUlnwM odrvuCbKNeY wLiW31KhMiE 8drA-LDsajc I9xta5zcchg t05ak1KBH34 _g_GGwpe3n0 j3QKttibTBE 8oU5wNzFgxY C9jlITJcedQ VQmuNSeRl08 qcuIqwlvJyU -dgHAK8Rqmw F-346rBZGTQ YEOdS0jPLkg 0PChAJcIIkM FKDlXMOf9ck NBnxZ3YbOXM CekMBVq2Hwo S7EYgLlp_fk bNP8SccNtEo S7OB717Edpo IOb7uSZ3FkU FtpoOemFmGk pfbz54qJZMs lDsrvUbpjy8 C-mdfhqnG-g NjGJk0X9qQ8 2KFhoP08v4M Aa7wDMCsQjU VLC_F7DPlqE OcsAzeZPbvs 7GoSflNldQc q9zqtWWiJio 7BubJ9VA2rY i1VKlFn85Zo LHIOK9EjJiQ VCAP0xevctA fWY7F9xphOQ dxK8it8UmYY VqaTFGrOJhM RHNNC3GrtO4 be0sVt8VzBE stJM1uccB64 KqWt-9RLLBk RfKII806aQo cLV1qqSl1xo VZNu_yOXJv4 1x7LSZyhL70 EJ-SjjEdusQ YE5Aw4rfS6I MWRW2WCrGDo jTi1Ls4RgOY 3d9iWgDMvKY z43kERgeBjQ OU6h0B8BV1E DNSHm23Yqmk bt8Ws6ArhB0 qkHUurYQf8E is--SaDS5NY pB9ToS1uQGo QOxOYEy_L8Y edTgilWUkII nfmjcKJakvU HKLZocrAjog tHGb8iFuiHQ 6_0dwn3tidA 8D2c48FvvaM YEdXkA87pbU L6Da52cOeFY hLVl3RFFxM0 ubQojDsCvRg JtlSq6PLVvA o5w9jhHpyeQ
25274699,yNb370Iq5yg 2NA_Fb_AeJM QJHkp-5sx8w OBffFZBueGA __RBAh_tltc vDsqrfsQ0Gk wLJR3Re8wAQ tYwZhxX43LM sAXtvhloVBI 4QaWAq5phYA onxS4OkQ2lw 2RpH8PtwsDI TsIdi77Yn24 mXxGPkSnpSQ XiJyRkmPWwA qrtdbEASj6M DmaDr1E0PD0 p_CsQHUW04Y ujgg8LeF9rw GcyIGo7QEkY ceZnyhWOQPU uZzjNygdVFA Na94jBGw3iA CvL2skNhRig UVltJ_diQ7g yFjUiDGM8kM 77TuAPuhHeg jliCiNUvMpI pwrYX9SwLMs 1lpWCrK8HMc o5M1wtd67wc 7cVCiXjaCFw iKkRF9ywAMs ZWHiTRq9mCo 2tqTIoPupIw 0ZH55dnuC5s 9yiOHvB7M64 RQK8lfFfJ_0 8qYFS5hJz4U E23dqHcyh3w 8V7CQLqCvUg 0kqec18dkaE M7ytC_UJ9XM j01VnoxpFKY bgHHNwR0tSw Sw8TNBcM0j0 5WeQgWq2UJY V7th426sTg4 oRjESvbwKdI FSv5JnE5QoY B6Jr7_XOiBs OBDKUwYl7Cc O29bjIIwvaY 5odj_3wRdX0 Z1wVVRJpynY fddGO6N-T8E VjDr7jzy7_U MSS5F294iis 3ybPcddxhGo oUiY6qUkKxM cLTLWNR11eY vulVrZ3QETc SRDxjKUMPFg RhQmG84JvqU Pl0zEwuDFlo Wk82enlHq70 sKyP7FhFNvY pEgVH_WxxaE DLFailwbqbg JBvCaZaBntU 1DHcaomW9j4 pFYdtuUlnwM odrvuCbKNeY wLiW31KhMiE 8drA-LDsajc I9xta5zcchg t05ak1KBH34 _g_GGwpe3n0 j3QKttibTBE 8oU5wNzFgxY C9jlITJcedQ VQmuNSeRl08 qcuIqwlvJyU -dgHAK8Rqmw F-346rBZGTQ YEOdS0jPLkg 0PChAJcIIkM FKDlXMOf9ck NBnxZ3YbOXM CekMBVq2Hwo S7EYgLlp_fk bNP8SccNtEo S7OB717Edpo IOb7uSZ3FkU FtpoOemFmGk pfbz54qJZMs lDsrvUbpjy8 C-mdfhqnG-g NjGJk0X9qQ8 2KFhoP08v4M Aa7wDMCsQjU VLC_F7DPlqE OcsAzeZPbvs 7GoSflNldQc q9zqtWWiJio 7BubJ9VA2rY i1VKlFn85Zo LHIOK9EjJiQ VCAP0xevctA fWY7F9xphOQ dxK8it8UmYY VqaTFGrOJhM RHNNC3GrtO4 be0sVt8VzBE stJM1uccB64 KqWt-9RLLBk RfKII806aQo cLV1qqSl1xo VZNu_yOXJv4 1x7LSZyhL70 EJ-SjjEdusQ YE5Aw4rfS6I MWRW2WCrGDo jTi1Ls4RgOY 3d9iWgDMvKY z43kERgeBjQ OU6h0B8BV1E DNSHm23Yqmk bt8Ws6ArhB0 qkHUurYQf8E is--SaDS5NY pB9ToS1uQGo QOxOYEy_L8Y edTgilWUkII nfmjcKJakvU HKLZocrAjog tHGb8iFuiHQ 6_0dwn3tidA 8D2c48FvvaM YEdXkA87pbU L6Da52cOeFY hLVl3RFFxM0 ubQojDsCvRg JtlSq6PLVvA
25269169,yNb370Iq5yg 2NA_Fb_AeJM QJHkp-5sx8w OBffFZBueGA __RBAh_tltc vDsqrfsQ0Gk wLJR3Re8wAQ tYwZhxX43LM sAXtvhloVBI 4QaWAq5phYA onxS4OkQ2lw 2RpH8PtwsDI TsIdi77Yn24 mXxGPkSnpSQ XiJyRkmPWwA qrtdbEASj6M DmaDr1E0PD0 p_CsQHUW04Y ujgg8LeF9rw GcyIGo7QEkY ceZnyhWOQPU uZzjNygdVFA Na94jBGw3iA CvL2skNhRig UVltJ_diQ7g yFjUiDGM8kM 77TuAPuhHeg jliCiNUvMpI pwrYX9SwLMs 1lpWCrK8HMc o5M1wtd67wc 7cVCiXjaCFw iKkRF9ywAMs ZWHiTRq9mCo 2tqTIoPupIw 0ZH55dnuC5s 9yiOHvB7M64 RQK8lfFfJ_0 8qYFS5hJz4U E23dqHcyh3w 8V7CQLqCvUg 0kqec18dkaE M7ytC_UJ9XM j01VnoxpFKY bgHHNwR0tSw Sw8TNBcM0j0 5WeQgWq2UJY V7th426sTg4 oRjESvbwKdI FSv5JnE5QoY B6Jr7_XOiBs OBDKUwYl7Cc O29bjIIwvaY 5odj_3wRdX0 Z1wVVRJpynY fddGO6N-T8E VjDr7jzy7_U MSS5F294iis 3ybPcddxhGo oUiY6qUkKxM cLTLWNR11eY vulVrZ3QETc SRDxjKUMPFg RhQmG84JvqU Pl0zEwuDFlo Wk82enlHq70 sKyP7FhFNvY pEgVH_WxxaE DLFailwbqbg JBvCaZaBntU 1DHcaomW9j4 pFYdtuUlnwM odrvuCbKNeY wLiW31KhMiE 8drA-LDsajc I9xta5zcchg t05ak1KBH34 _g_GGwpe3n0 j3QKttibTBE 8oU5wNzFgxY C9jlITJcedQ VQmuNSeRl08 qcuIqwlvJyU -dgHAK8Rqmw F-346rBZGTQ YEOdS0jPLkg 0PChAJcIIkM FKDlXMOf9ck NBnxZ3YbOXM CekMBVq2Hwo S7EYgLlp_fk bNP8SccNtEo S7OB717Edpo IOb7uSZ3FkU FtpoOemFmGk pfbz54qJZMs lDsrvUbpjy8 C-mdfhqnG-g NjGJk0X9qQ8 2KFhoP08v4M Aa7wDMCsQjU VLC_F7DPlqE OcsAzeZPbvs 7GoSflNldQc q9zqtWWiJio 7BubJ9VA2rY i1VKlFn85Zo LHIOK9EjJiQ VCAP0xevctA fWY7F9xphOQ dxK8it8UmYY VqaTFGrOJhM RHNNC3GrtO4 be0sVt8VzBE stJM1uccB64 KqWt-9RLLBk RfKII806aQo cLV1qqSl1xo VZNu_yOXJv4 1x7LSZyhL70 EJ-SjjEdusQ YE5Aw4rfS6I MWRW2WCrGDo jTi1Ls4RgOY 3d9iWgDMvKY z43kERgeBjQ OU6h0B8BV1E DNSHm23Yqmk bt8Ws6ArhB0 qkHUurYQf8E is--SaDS5NY pB9ToS1uQGo QOxOYEy_L8Y edTgilWUkII nfmjcKJakvU HKLZocrAjog tHGb8iFuiHQ 6_0dwn3tidA 8D2c48FvvaM YEdXkA87pbU L6Da52cOeFY hLVl3RFFxM0 ubQojDsCvRg JtlSq6PLVvA
174529,_fIPzF3SqAw J2Zf0PknEEE Q8OLM9kh4uI RzHjQi_9pfc 3RyFwvzdPrA VpMW2jADy-s k1am7iqaLO4 sKsePFmnrsw 6v0IsDlCcTo SdVCiJ70QBM ewD3saQJ49U tCdc7zRENyY kyBo4DQCdOU AW7XP3nGoyE s7Nbrhsk-wc tY834JZSdA0 BOwmQUMKCxs LezzzBd5APc d-t3YiyrCzs hJkGQjc3j24 JYFetyTLD6o WcDVSm8AwR8 KuYF0PzFlAs 65mqAV3TEtQ se_EvTobbHM Dd4XTuBkCVA 6TsncBax4i4 qPTcCbFz400 AsBnt486V1E S37eBRwzCd0 hLIk0s00fD0 y34Bj3U41gY H3iysGpcpOE Q3AcyJ4kxX4 YdNFxJ3sjkg hHz8GKDQD14 lWUrMG39Ir8 8DT01vwH_AA q7sqeoC3cH8 n3hzHxwbknw oP8dDQ2yjaM ctYeUcopl0E Dnor4ueKIwo hdXP-wflVXc d9W3yOqvue8 lkVmgzBQd5k 62vTJRaYvcE 6FFExP9EO_o 2arr_iniqgc t1Ns7kLw2sE 5g7e-pT_NS8 C-aPlhamURQ qutAElwN2HY EdgrmxVMJgs CLjYTmQTBPs FSS27XobSVk O3LhQc8HN6k F4vJ0w8qnZQ QHJfK_sbrY4 Hu-UHBeE-34 ieE8bY1oYuA xJEjI-AFfzg ve0Rc5G5teo 4Ia6T-ErFDU XBSnkRQfJz0 MENWSMR-TAM rMD7pvaNER8 sktqHWNFHCo LEzQvcJlKys gD67_lsY9Ns 6BJd3t_hF7k lDGO1IH14bo lmEgeEd09CE ldWn4qpG-zc zhAgVv99Vkw f6cbGWm6SQ8 iclDTj6e9NE ZgPh4K_sCw4 qYjS5f-NFSU UA9ytV2no2A 6DHfj_3LA60 aX0eqGIKMwo HC2N0KNSi2I YdN0AZ5DmOs 3Ucancf-KG4 1spZkaMieJs ezd35UTRSi8 -baBReXUG7I cBr5jpAMhMc hlStMoy_C3o 4MWiXIf3mxg onsO1ZDszic wOFHa2FrobE V3GJgcqIitk 6JA2NdFKnkk ixqWGWMwt24 VoHOlplE96E lHfUjfcbAbg H4QG5V1UShs B86Pj0kJ4Ww P__8V87Sq00 0X7603szGqE n7GSmA_n9nA 1DICJgnzfdU eCjkpMp9Te8 z33CGmmD30g CkQ7niZ8_jU -A5COnGZl7o 6GTD4Xsp-0M zGp8xwVEMjY Jl42JfrKpyk yEr1bbr3eCI o9OXIYAAB7s mnG5Iz26gms E4_rLKlgz6E fkhgw-ZXddM _8zaIqF11XI miLWl_idYcs AZ9etsqaenY H-5aq8C8cxk EN8UbGYN3bQ Q9ckSNdeTQA 9CGuc33mK1Q -r8l5HrjZTI aq0hlF0hlQ4 Epskt3ryA60 CEqZ32eZMv4 ufYqf12gSk4 XT5wGwka1sM qmKv1m2SVio 7aqeW9kaCMU mCtFGljWczw Q1F_AuKq43w haunxzsyZIA Sj_4NXrQgmw m37Ji5LtdvA mLsIKeQv-LU 9jwAGunPFXo lXwHCfnYar0 Rj651XOPmwU Hf4ara8wazY pXJCKEzSDao IjnjrWbCHhU WeaZAInK0Lo
12226158,2EDf6O_p0ZA AG0liXEXNmI reCLnH6dMJM 4Rd8gEEhWaA m1Afyf5KuuU AV1mQOhsNvE 3Sl0KEYg9HM JxGL4OSzH68 gfo45tZ3Lek ejQnXNYlVfI Pnbz_gREt3s MxhmNmJvOfQ cXD_ScQfgzg DJhnQapGN20 MPPYveaMCWw jRXxHyjDOfA UA46VgX2_DE osjFo_yvBbo CDZy3P7B8xU soXspScafNc jTdeUjoZXY0 JxLdKKdPSh4 0NaS6Jqui54 RMywmmfIW2M h6Npc7vro4o m2L6Vii26cQ m_oevXFzAUA kstH0Ih3Bmg BFQePIKKiDQ G6lBYIznBrE LoOqXf3uVs0 -V8NM8Z2Trk TwYuzJOByBk BdGswGLpInM PuSph4n4Vns 73-CUVDFaBc gfrZBIMKJeQ LUOw4hmMAvo 64Wl9YuPsj4 q5-pF8IloQc OjqdP2ySn2s 6gC4eqtkmog v7H-Qj7Z1PU yRQ-TO2Gl_M s6ag8seWKhQ 9Z60Bsa1sC8 3XUcXrDth1g tyVjEbswlyM 4HHKTYNgSjY 7rkgDoV97tM XjFGuZ99ODQ -EAxLXstZu4 i8M1_jpaB6Q 75bA9I921cs IP4isvFvVNg 6ca80ox6uoI R0wD3AfnBIc 9hLSRlhIcEE 8Xxl_OGB65M p_i-K2ssrhY gkyy8ppEkl4 zmoSuDfGulM -2kGdiboiOk qwsrEUbvdV8 uRewwR2e3LM iwXk6kFyyMI ey3URjG5tUk 7OuppgAV-Hw PGEerK0iyBs VRrmTLg9qks -geEwJlbZzg TfRK0cxA3XE mXwqR5wSuNE -0i0gXzQsL4 HS1u-mXAMfg 6y5MIwV0xxc R2F7gGLqoh8 aJ_fOiK9Lho MvborRCN_rY Vr0lT7e1vlY oJFil8zUdas _dlYvvmcX1s qjhX3If49Lo 6rIpRFUrEIk GTjnIHA6MX4 rJN2DvlXumM yY5XQMvr4mw Sh16y3-HMGM ASCBcL8UZXo GrzHybN4Jkw 72OezfRyxc0 h6rh2kz3nb0 tSmUMnual6Y d24vTEaT0fI NMVE9ECtXTk H9vpFCPmkHA ksIM0q4bDDQ d1Ry2xS2Df4 BnA9Iuy9ZFY 23bGHOGkJQ0 1lLut9Lo6OM eP2aosjenDo QvM-OTgVVJg UoIIGiaUy3I lN-qArcDCAk ToigNx3QGd0 RfKtkg6Vlz8 eAhiD7S2ndY 9sTwHeu-Bks mS0P0Gwi8pk 0V6t3bWjI6k g68sw-gM7TI IrJYum_2AUI Ear1d_hrLu0 mCqvuns5cS0 HOufyJ7UtLE 4PB_a-Scc4w xS0NCF0WhCw ivof2-S3AqY O8zD8M90gmQ s1X9tpoMsAg tnCsOJICdxw hE2hFoOn-RU DjFWcprbSOo Nb9FBUfj-ag nAW16DeOiac yyEPDiNaqeM o1RilA1sDss 6nrFN5rkNho 9XMyMayBzDM NcDclsk-QTI bIZ7bPf02Sk qrzuwqgqj2w
1515718,h_sIN3EBo4A RVqxhTrADEs xne-3AiDoj0 av9cPojcz2Y 1FrDC4Zf7XU _Smja0D4TBM ByJb2UBkqnk dgOKqgT0-k8 xR0BqBdc9t8 Jr-s2SMcZoA 6v5Sz5HnnIA YswP25EwZlc AzVD-v94J4E _wphthWfaO8 JkckqZL6tBQ 9jCaz4LO73E MivsDWjle1w Z_wNddut9oY uRBm6Q8BeIM 95N-SenXtoM bZ913S0zxOA l2bAAeBntPU smw4gEjyaDc UYT0KIETFRA P7ayD1o8QA0 _secdaYS0C8 64Y5ofEko9o e5HW_dqyRfM qwXobdebAGQ RtHbK-TxpO4 dfbBLRPhe9Y gxgRtvMrdpg G6Lz26ucdDc oLJeygXpl9U RKAmxT_C1PQ UzYjEEB8Xyk zh56SVaCGfM AFvZGKhW0IQ JUMVHJtrxXs UQt7GT-9jJY SeRiMnZfXXU Hq8t2WbWs6Y kz_dD2aOlL4 xt6DhJUUfpw NRTxAAZVpCE Ho8dzZIwad4 Y4oNvtvr36M 8hhp4lEiTlU IFqjw7fPgGo 3v-CARIgmeA aP_giWsoYi4 99ceCCf2oH8 b-ZmMZp9kP8 8Wj0jm_8n24 whb1q5RXYfc SdDXUD1XPOc 88hQcHx-Olw 0KlJW1hqyI8 VlZ7VEe9zyQ OLFa-QvlQDc IGkEs2jHkmQ q0UvIxocuis zPjeKjF0kNA 6K8WDcqwDsw 7DXR1WhAick zzt6kah1-E8 eK28-f_ZEt0 zxQMbP5rjT8 lZcarpZnwT0 VieapMQO4iY hBDSLGGeahg YGU-ePqSt-w 4EcdAUoK9w0 NdNP-934MBg cCQQTObZhi8 6WvgvVYMfpM Zdrvj-aQVs0 6F1aErmecdA teZPIpsm6-o SdQe9tbq2Rs 6xWbxCgK3Q8 VrpCL6rn0qI 14M_NwbSTeY d-nz-fzMAFg kj9LbtLiMng 8-iMymP6Tds -IOHN46ZQ8Q 9c6syqWYxkg YS5CvRSvGk0 rLP2hhHfOuc viO2V-BceCc YgDRjFCS7eI CC5Ei7VUkBk 8lfD08F6Saw ueHLID2L2bI e-I0Co00OPk T-HQNWJjrOQ 76toQV3nCzQ 79Sd0W0eatw O2XpPnqXghA eSoBuYMawrA 7O1rE4lAoLc 5Lc-agdPklA MKof8vTxNpM au-flD0wCos t5SvNGGLtq4 7kSQWJS3gf0 xNbT_jn1nbk kpiGkR3ixW8 zMOSHhBaD9E eHPncGfFJow KQVc8Tpg3T8 i6ApqRg6PSY
57121195,vsnn7qllOSg UsQea-JnTio V_51gjv9c9w sm-ZccKpYYg yEzr4b2n5WM vi91q2A7ShQ cSvCiTR8rgI OJMwhDEpfD8 4FK450S0sEs JASnWvVoDxU zaZU-K2L9pA mu6XaDpGSIM h6pZHGpG61g u2lF0VDb5x0 suQw32CXW64 0dDe8pFOD48 fKGiwMaaXWw sfwBga6_TTQ 2hhopTeVXfw WhMczCQG73Y 5n6EtspePSs UC7if826uw4 lfX9_ZkTM6Q 90VfIm16rOc TR4bN8SZqHs pp5h9aTkhEQ Ql7m9dVQjEA gezeu-7MIV4 XcMT20q556s f_BxArS2gGs z3exf2Vsi8Y AI0GLV80TwQ 9mx6RrnLCEs 73ls8qFzqVw aGeMNfM2uQI ZY2qUi3t__w ABOwKrHOzP8 _Cn8U9s30n8 3ezb2lwCdj8 OSWLvO7Prtk jtsYNpEmr4s zOJKOL8-kyI e-oBjwkz_8w _43dPbTDPFg 4krFGeV_efA WjjDFpDvO3E zDSU0pV_AxY hPQ1ftLckps 2efGlhjLM-w iF5TQM329qw yspQ6H5mvHo Akta7bv6Kcg gYf3mvA3_OA -53uvLQ4CV0 LMzsSNqvmvU o82t56ixJXk uIhky4RCgx8 Hnki5X_mQik XMkqKDSWsow yONuiw7B6a0 WNFIFqOjbWU iZW1a6fks4E 9JejBeS377A c-n4cWhEeQs 8GpkcD8IX44 wU6DoCaedR8 9nEVLXFJw3s JIWXqpzfb5U dvbSllcuF9I Mh618RrLsLY 1uCk19whOas 09slh25X_Tw u43MB0x9PvI bLDwI8JBnPI brDJiSD1Kqk M_oRPiumUGE I9JBR_mD5Hs E25MsEC76Kc eAKzwf8Ty5A plaST4m53ro aNg6rEb5Exk oC2JEmk11zw QEep-6XX2Ko DHry79nNUss b_7UraCyy9I BWK3h7Qv8_4 R1E-oGQlc9Q Y8P7TxqdIIE DLN6Jcq85Ts 6B9fooGKsqw M70ear_WUNs q5BIAst1oFA AWnAgLqGsrU q9NvAySHcWk TrJlChZVwKw HwcxWDFgD_I iMatdtbVJ-Q 1KEdnXcuZOY 7IW40sBu3OE kV4J1ablDIw grGpNkftPVg _tBUlilFdYc 5q6JXxYzdaA oSf4K7GOb2U S1GoMvkYH2o dPbjwMIufaE ywTjXv27v3o ujJ5ykBWCzY Q1mJMSykSSY gws_EqW18F8 FoyJfk42sLk _Gis_D0n6D4
57121182,vsnn7qllOSg UsQea-JnTio V_51gjv9c9w sm-ZccKpYYg yEzr4b2n5WM vi91q2A7ShQ cSvCiTR8rgI OJMwhDEpfD8 4FK450S0sEs JASnWvVoDxU zaZU-K2L9pA mu6XaDpGSIM h6pZHGpG61g u2lF0VDb5x0 suQw32CXW64 0dDe8pFOD48 fKGiwMaaXWw sfwBga6_TTQ 2hhopTeVXfw WhMczCQG73Y 5n6EtspePSs UC7if826uw4 lfX9_ZkTM6Q 90VfIm16rOc TR4bN8SZqHs pp5h9aTkhEQ Ql7m9dVQjEA gezeu-7MIV4 XcMT20q556s f_BxArS2gGs z3exf2Vsi8Y AI0GLV80TwQ 9mx6RrnLCEs 73ls8qFzqVw aGeMNfM2uQI ZY2qUi3t__w ABOwKrHOzP8 _Cn8U9s30n8 3ezb2lwCdj8 OSWLvO7Prtk jtsYNpEmr4s zOJKOL8-kyI e-oBjwkz_8w _43dPbTDPFg 4krFGeV_efA WjjDFpDvO3E zDSU0pV_AxY hPQ1ftLckps 2efGlhjLM-w iF5TQM329qw yspQ6H5mvHo Akta7bv6Kcg gYf3mvA3_OA -53uvLQ4CV0 LMzsSNqvmvU o82t56ixJXk uIhky4RCgx8 Hnki5X_mQik XMkqKDSWsow yONuiw7B6a0 WNFIFqOjbWU iZW1a6fks4E 9JejBeS377A c-n4cWhEeQs 8GpkcD8IX44 wU6DoCaedR8 9nEVLXFJw3s JIWXqpzfb5U dvbSllcuF9I Mh618RrLsLY 1uCk19whOas 09slh25X_Tw u43MB0x9PvI bLDwI8JBnPI brDJiSD1Kqk M_oRPiumUGE I9JBR_mD5Hs E25MsEC76Kc eAKzwf8Ty5A plaST4m53ro aNg6rEb5Exk oC2JEmk11zw QEep-6XX2Ko DHry79nNUss b_7UraCyy9I BWK3h7Qv8_4 R1E-oGQlc9Q Y8P7TxqdIIE DLN6Jcq85Ts 6B9fooGKsqw M70ear_WUNs q5BIAst1oFA AWnAgLqGsrU q9NvAySHcWk TrJlChZVwKw HwcxWDFgD_I iMatdtbVJ-Q 1KEdnXcuZOY 7IW40sBu3OE kV4J1ablDIw grGpNkftPVg _tBUlilFdYc 5q6JXxYzdaA oSf4K7GOb2U S1GoMvkYH2o dPbjwMIufaE ywTjXv27v3o ujJ5ykBWCzY Q1mJMSykSSY gws_EqW18F8 FoyJfk42sLk _Gis_D0n6D4
57121170,vsnn7qllOSg UsQea-JnTio V_51gjv9c9w sm-ZccKpYYg yEzr4b2n5WM vi91q2A7ShQ cSvCiTR8rgI OJMwhDEpfD8 4FK450S0sEs JASnWvVoDxU zaZU-K2L9pA mu6XaDpGSIM h6pZHGpG61g u2lF0VDb5x0 suQw32CXW64 0dDe8pFOD48 fKGiwMaaXWw sfwBga6_TTQ 2hhopTeVXfw WhMczCQG73Y 5n6EtspePSs UC7if826uw4 lfX9_ZkTM6Q 90VfIm16rOc TR4bN8SZqHs pp5h9aTkhEQ Ql7m9dVQjEA gezeu-7MIV4 XcMT20q556s f_BxArS2gGs z3exf2Vsi8Y AI0GLV80TwQ 9mx6RrnLCEs 73ls8qFzqVw aGeMNfM2uQI ZY2qUi3t__w ABOwKrHOzP8 _Cn8U9s30n8 3ezb2lwCdj8 OSWLvO7Prtk jtsYNpEmr4s zOJKOL8-kyI e-oBjwkz_8w _43dPbTDPFg 4krFGeV_efA WjjDFpDvO3E zDSU0pV_AxY hPQ1ftLckps 2efGlhjLM-w iF5TQM329qw yspQ6H5mvHo Akta7bv6Kcg gYf3mvA3_OA -53uvLQ4CV0 LMzsSNqvmvU o82t56ixJXk uIhky4RCgx8 Hnki5X_mQik XMkqKDSWsow yONuiw7B6a0 WNFIFqOjbWU iZW1a6fks4E 9JejBeS377A c-n4cWhEeQs 8GpkcD8IX44 wU6DoCaedR8 9nEVLXFJw3s JIWXqpzfb5U dvbSllcuF9I Mh618RrLsLY 1uCk19whOas 09slh25X_Tw u43MB0x9PvI bLDwI8JBnPI brDJiSD1Kqk M_oRPiumUGE I9JBR_mD5Hs E25MsEC76Kc eAKzwf8Ty5A plaST4m53ro aNg6rEb5Exk oC2JEmk11zw QEep-6XX2Ko DHry79nNUss b_7UraCyy9I BWK3h7Qv8_4 R1E-oGQlc9Q Y8P7TxqdIIE DLN6Jcq85Ts 6B9fooGKsqw M70ear_WUNs q5BIAst1oFA AWnAgLqGsrU q9NvAySHcWk TrJlChZVwKw HwcxWDFgD_I iMatdtbVJ-Q 1KEdnXcuZOY 7IW40sBu3OE kV4J1ablDIw grGpNkftPVg _tBUlilFdYc 5q6JXxYzdaA oSf4K7GOb2U S1GoMvkYH2o dPbjwMIufaE ywTjXv27v3o ujJ5ykBWCzY Q1mJMSykSSY gws_EqW18F8 FoyJfk42sLk _Gis_D0n6D4
